  0
SECTION
  2
HEADER
  9
$ACADVER
  1
AC1018
  9
$HANDSEED
  5
FFFFFFFF
  9
$ANGBASE
  50
0.0
  9
$ANGDIR
  70
1
  9
$MEASUREMENT
  70
0
  9
$INSUNITS
  70
1
  0
ENDSEC
  0
SECTION
  2
TABLES
  0
TABLE
  2
APPID
  5
1
330
0
100
AcDbSymbolTable
 70
1
  0
APPID
  5
2
330
1
100
AcDbSymbolTableRecord
100
AcDbRegAppTableRecord
  2
ACAD
 70
0
  0
ENDTAB
  0
TABLE
  2
LTYPE
  5
3
330
0
100
AcDbSymbolTable
 70
6
  0
LTYPE
  5
4
330
3
100
AcDbSymbolTableRecord
100
AcDbLinetypeTableRecord
  2
ByBlock
 70
0
  3

 72
65
 73
0
 40
0
  0
LTYPE
  5
5
330
3
100
AcDbSymbolTableRecord
100
AcDbLinetypeTableRecord
  2
ByLayer
 70
0
  3

 72
65
 73
0
 40
0
  0
LTYPE
  5
6
330
3
100
AcDbSymbolTableRecord
100
AcDbLinetypeTableRecord
  2
CONTINUOUS
 70
0
  3
Solid line
 72
65
 73
0
 40
0
  0
LTYPE
  5
7
330
3
100
AcDbSymbolTableRecord
100
AcDbLinetypeTableRecord
  2
DASHDOT
 70
0
  3
Dash Dot ____ _ ____ _
 72
65
 73
4
 40
2
 49
1.25
 74
0
 49
-0.25
 74
0
 49
0.25
 74
0
 49
-0.25
 74
0
  0
LTYPE
  5
8
330
3
100
AcDbSymbolTableRecord
100
AcDbLinetypeTableRecord
  2
DASHED
 70
0
  3
Dashed __ __ __ __ __
 72
65
 73
2
 40
0.75
 49
0.5
 74
0
 49
-0.25
 74
0
  0
LTYPE
  5
9
330
3
100
AcDbSymbolTableRecord
100
AcDbLinetypeTableRecord
  2
DOTTED
 70
0
  3
Dotted .  .  .  .
 72
65
 73
2
 40
0.2
 49
0.0
 74
0
 49
-0.2
 74
0
  0
ENDTAB
  0
TABLE
  2
STYLE
  5
A
330
0
100
AcDbSymbolTable
 70
4
  0
STYLE
  5
B
330
A
100
AcDbSymbolTableRecord
100
AcDbTextStyleTableRecord
  2
KICAD
 70
0
 40
0
 41
1
 42
1
 50
0
 71
0
  3
isocp.shx
  0
STYLE
  5
C
330
A
100
AcDbSymbolTableRecord
100
AcDbTextStyleTableRecord
  2
KICADB
 70
0
 40
0
 41
1
 42
1
 50
0
 71
0
  3
isocp.shx
  0
STYLE
  5
D
330
A
100
AcDbSymbolTableRecord
100
AcDbTextStyleTableRecord
  2
KICADI
 70
0
 40
0
 41
1
 42
1
 50
15
 71
0
  3
isocp.shx
  0
STYLE
  5
E
330
A
100
AcDbSymbolTableRecord
100
AcDbTextStyleTableRecord
  2
KICADBI
 70
0
 40
0
 41
1
 42
1
 50
15
 71
0
  3
isocp.shx
  0
ENDTAB
  0
TABLE
  2
LAYER
  5
F
330
0
100
AcDbSymbolTable
 70
10
  0
LAYER
  5
12
330
F
100
AcDbSymbolTableRecord
100
AcDbLayerTableRecord
  2
0
 70
0
 62
7
  6
CONTINUOUS
390
10
  0
LAYER
  5
13
330
F
100
AcDbSymbolTableRecord
100
AcDbLayerTableRecord
  2
F.Cu
 70
0
 62
13
420
13120564
  6
CONTINUOUS
390
10
  0
LAYER
  5
14
330
F
100
AcDbSymbolTableRecord
100
AcDbLayerTableRecord
  2
B.Cu
 70
0
 62
153
420
5078980
  6
CONTINUOUS
390
10
  0
LAYER
  5
15
330
F
100
AcDbSymbolTableRecord
100
AcDbLayerTableRecord
  2
F.Paste
 70
0
 62
253
420
11837594
  6
CONTINUOUS
390
10
  0
LAYER
  5
16
330
F
100
AcDbSymbolTableRecord
100
AcDbLayerTableRecord
  2
B.Paste
 70
0
 62
132
420
49858
  6
CONTINUOUS
390
10
  0
LAYER
  5
17
330
F
100
AcDbSymbolTableRecord
100
AcDbLayerTableRecord
  2
F.Silkscreen
 70
0
 62
41
420
15920545
  6
CONTINUOUS
390
10
  0
LAYER
  5
18
330
F
100
AcDbSymbolTableRecord
100
AcDbLayerTableRecord
  2
B.Silkscreen
 70
0
 62
31
420
15250087
  6
CONTINUOUS
390
10
  0
LAYER
  5
19
330
F
100
AcDbSymbolTableRecord
100
AcDbLayerTableRecord
  2
F.Mask
 70
0
 62
201
420
14181631
  6
CONTINUOUS
390
10
  0
LAYER
  5
1A
330
F
100
AcDbSymbolTableRecord
100
AcDbLayerTableRecord
  2
B.Mask
 70
0
 62
4
420
196590
  6
CONTINUOUS
390
10
  0
LAYER
  5
1B
330
F
100
AcDbSymbolTableRecord
100
AcDbLayerTableRecord
  2
Edge.Cuts
 70
0
 62
254
420
13685453
  6
CONTINUOUS
390
10
  0
ENDTAB
  0
TABLE
  2
VPORT
  5
1C
330
0
100
AcDbSymbolTable
 70
0
  0
ENDTAB
  0
TABLE
  2
VIEW
  5
1D
330
0
100
AcDbSymbolTable
 70
0
  0
ENDTAB
  0
TABLE
  2
UCS
  5
1E
330
0
100
AcDbSymbolTable
 70
0
  0
ENDTAB
  0
TABLE
  2
DIMSTYLE
  5
1F
330
0
100
AcDbSymbolTable
 70
1
100
AcDbDimStyleTable
 71
0
  0
DIMSTYLE
105
20
330
1F
100
AcDbSymbolTableRecord
100
AcDbDimStyleTableRecord
  2
Standard
 70
0
  0
ENDTAB
  0
TABLE
  2
BLOCK_RECORD
  5
21
330
0
100
AcDbSymbolTable
 70
3
  0
BLOCK_RECORD
  5
22
330
21
100
AcDbSymbolTableRecord
100
AcDbBlockTableRecord
  2
*Model_Space
340
25
 70
0
280
1
281
0
  0
BLOCK_RECORD
  5
23
330
21
100
AcDbSymbolTableRecord
100
AcDbBlockTableRecord
  2
*Paper_Space
340
26
 70
0
280
1
281
0
  0
BLOCK_RECORD
  5
24
330
21
100
AcDbSymbolTableRecord
100
AcDbBlockTableRecord
  2
*Paper_Space0
340
27
 70
0
280
1
281
0
  0
ENDTAB
  0
ENDSEC
  0
SECTION
  2
BLOCKS
  0
BLOCK
  5
2B
330
22
100
AcDbEntity
  8
0
100
AcDbBlockBegin
  2
*Model_Space
 70
0
 10
0.0
 20
0.0
 30
0.0
  3
*Model_Space
  1

  0
ENDBLK
  5
2A
330
22
100
AcDbEntity
  8
0
100
AcDbBlockEnd
  0
BLOCK
  5
2D
330
23
100
AcDbEntity
 67
1
  8
0
100
AcDbBlockBegin
  2
*Paper_Space
 70
0
 10
0.0
 20
0.0
 30
0.0
  3
*Paper_Space
  1

  0
ENDBLK
  5
2C
330
23
100
AcDbEntity
 67
1
  8
0
100
AcDbBlockEnd
  0
BLOCK
  5
2F
330
24
100
AcDbEntity
 67
1
  8
0
100
AcDbBlockBegin
  2
*Paper_Space0
 70
0
 10
0.0
 20
0.0
 30
0.0
  3
*Paper_Space0
  1

  0
ENDBLK
  5
2E
330
24
100
AcDbEntity
 67
1
  8
0
100
AcDbBlockEnd
  0
ENDSEC
  0
SECTION
  2
ENTITIES
  0
LINE
  5
30
330
22
100
AcDbEntity
  8
F.Silkscreen
  6
CONTINUOUS
100
AcDbLine
 10
5.7154639370078737
 20
-3.8906735039370077
 30
0
 11
5.715561929133858
 21
-3.8907140944881888
 31
0
  0
LINE
  5
31
330
22
100
AcDbEntity
  8
F.Silkscreen
  6
CONTINUOUS
100
AcDbLine
 10
5.715561929133858
 20
-3.8907140944881888
 30
0
 11
5.7156677559055113
 21
-3.8907216141732284
 31
0
  0
LINE
  5
32
330
22
100
AcDbEntity
  8
F.Silkscreen
  6
CONTINUOUS
100
AcDbLine
 10
5.7156677559055113
 20
-3.8907216141732284
 30
0
 11
5.7162083858267714
 21
-3.8909285039370078
 31
0
  0
LINE
  5
33
330
22
100
AcDbEntity
  8
F.Silkscreen
  6
CONTINUOUS
100
AcDbLine
 10
5.7162083858267714
 20
-3.8909285039370078
 30
0
 11
5.7199579133858265
 21
-3.8928032677165354
 31
0
  0
LINE
  5
34
330
22
100
AcDbEntity
  8
F.Silkscreen
  6
CONTINUOUS
100
AcDbLine
 10
5.7199579133858265
 20
-3.8928032677165354
 30
0
 11
5.7202059055118113
 21
-3.8929593307086612
 31
0
  0
LINE
  5
35
330
22
100
AcDbEntity
  8
F.Silkscreen
  6
CONTINUOUS
100
AcDbLine
 10
5.7202059055118113
 20
-3.8929593307086612
 30
0
 11
5.7202778740157481
 21
-3.8929891732283464
 31
0
  0
LINE
  5
36
330
22
100
AcDbEntity
  8
F.Silkscreen
  6
CONTINUOUS
100
AcDbLine
 10
5.7202778740157481
 20
-3.8929891732283464
 30
0
 11
5.7203588188976378
 21
-3.89305562992126
 31
0
  0
LINE
  5
37
330
22
100
AcDbEntity
  8
F.Silkscreen
  6
CONTINUOUS
100
AcDbLine
 10
5.7203588188976378
 20
-3.89305562992126
 30
0
 11
5.7204477952755903
 21
-3.893111614173228
 31
0
  0
LINE
  5
38
330
22
100
AcDbEntity
  8
F.Silkscreen
  6
CONTINUOUS
100
AcDbLine
 10
5.7204477952755903
 20
-3.893111614173228
 30
0
 11
5.720498937007874
 21
-3.8931705905511809
 31
0
  0
LINE
  5
39
330
22
100
AcDbEntity
  8
F.Silkscreen
  6
CONTINUOUS
100
AcDbLine
 10
5.720498937007874
 20
-3.8931705905511809
 30
0
 11
5.7207253149606299
 21
-3.893356377952756
 31
0
  0
LINE
  5
3A
330
22
100
AcDbEntity
  8
F.Silkscreen
  6
CONTINUOUS
100
AcDbLine
 10
5.7207253149606299
 20
-3.893356377952756
 30
0
 11
5.7226000787401574
 21
-3.8952311417322836
 31
0
  0
LINE
  5
3B
330
22
100
AcDbEntity
  8
F.Silkscreen
  6
CONTINUOUS
100
AcDbLine
 10
5.7226000787401574
 20
-3.8952311417322836
 30
0
 11
5.7227858267716538
 21
-3.8954574803149606
 31
0
  0
LINE
  5
3C
330
22
100
AcDbEntity
  8
F.Silkscreen
  6
CONTINUOUS
100
AcDbLine
 10
5.7227858267716538
 20
-3.8954574803149606
 30
0
 11
5.7228448425196845
 21
-3.8955086614173227
 31
0
  0
LINE
  5
3D
330
22
100
AcDbEntity
  8
F.Silkscreen
  6
CONTINUOUS
100
AcDbLine
 10
5.7228448425196845
 20
-3.8955086614173227
 30
0
 11
5.7229007874015743
 21
-3.8955975984251969
 31
0
  0
LINE
  5
3E
330
22
100
AcDbEntity
  8
F.Silkscreen
  6
CONTINUOUS
100
AcDbLine
 10
5.7229007874015743
 20
-3.8955975984251969
 30
0
 11
5.7229672834645671
 21
-3.8956785826771654
 31
0
  0
LINE
  5
3F
330
22
100
AcDbEntity
  8
F.Silkscreen
  6
CONTINUOUS
100
AcDbLine
 10
5.7229672834645671
 20
-3.8956785826771654
 30
0
 11
5.7229970866141731
 21
-3.8957505118110234
 31
0
  0
LINE
  5
40
330
22
100
AcDbEntity
  8
F.Silkscreen
  6
CONTINUOUS
100
AcDbLine
 10
5.7229970866141731
 20
-3.8957505118110234
 30
0
 11
5.7231531889763776
 21
-3.8959985433070865
 31
0
  0
LINE
  5
41
330
22
100
AcDbEntity
  8
F.Silkscreen
  6
CONTINUOUS
100
AcDbLine
 10
5.7231531889763776
 20
-3.8959985433070865
 30
0
 11
5.7250279527559051
 21
-3.8997480708661416
 31
0
  0
LINE
  5
42
330
22
100
AcDbEntity
  8
F.Silkscreen
  6
CONTINUOUS
100
AcDbLine
 10
5.7250279527559051
 20
-3.8997480708661416
 30
0
 11
5.7252348425196846
 21
-3.9002886614173229
 31
0
  0
LINE
  5
43
330
22
100
AcDbEntity
  8
F.Silkscreen
  6
CONTINUOUS
100
AcDbLine
 10
5.7252348425196846
 20
-3.9002886614173229
 30
0
 11
5.7252423622047246
 21
-3.900394527559055
 31
0
  0
LINE
  5
44
330
22
100
AcDbEntity
  8
F.Silkscreen
  6
CONTINUOUS
100
AcDbLine
 10
5.7252423622047246
 20
-3.900394527559055
 30
0
 11
5.7252829527559053
 21
-3.9004925196850393
 31
0
  0
LINE
  5
45
330
22
100
AcDbEntity
  8
F.Silkscreen
  6
CONTINUOUS
100
AcDbLine
 10
5.7252829527559053
 20
-3.9004925196850393
 30
0
 11
5.7253353543307082
 21
-3.9010246456692914
 31
0
  0
LINE
  5
46
330
22
100
AcDbEntity
  8
F.Silkscreen
  6
CONTINUOUS
100
AcDbLine
 10
5.7253353543307082
 20
-3.9010246456692914
 30
0
 11
5.7394413385826768
 21
-3.8911505118110234
 31
0
  0
LINE
  5
47
330
22
100
AcDbEntity
  8
F.Silkscreen
  6
CONTINUOUS
100
AcDbLine
 10
5.7394413385826768
 20
-3.8911505118110234
 30
0
 11
5.7399457874015747
 21
-3.890866653543307
 31
0
  0
LINE
  5
48
330
22
100
AcDbEntity
  8
F.Silkscreen
  6
CONTINUOUS
100
AcDbLine
 10
5.7399457874015747
 20
-3.890866653543307
 30
0
 11
5.7410706299212597
 21
-3.8906174803149605
 31
0
  0
LINE
  5
49
330
22
100
AcDbEntity
  8
F.Silkscreen
  6
CONTINUOUS
100
AcDbLine
 10
5.7410706299212597
 20
-3.8906174803149605
 30
0
 11
5.742205196850394
 21
-3.8908176771653542
 31
0
  0
LINE
  5
4A
330
22
100
AcDbEntity
  8
F.Silkscreen
  6
CONTINUOUS
100
AcDbLine
 10
5.742205196850394
 20
-3.8908176771653542
 30
0
 11
5.7431767716535429
 21
-3.8914368503937009
 31
0
  0
LINE
  5
4B
330
22
100
AcDbEntity
  8
F.Silkscreen
  6
CONTINUOUS
100
AcDbLine
 10
5.7431767716535429
 20
-3.8914368503937009
 30
0
 11
5.7438374803149603
 21
-3.8923807086614173
 31
0
  0
LINE
  5
4C
330
22
100
AcDbEntity
  8
F.Silkscreen
  6
CONTINUOUS
100
AcDbLine
 10
5.7438374803149603
 20
-3.8923807086614173
 30
0
 11
5.7440866929133856
 21
-3.8935055511811023
 31
0
  0
LINE
  5
4D
330
22
100
AcDbEntity
  8
F.Silkscreen
  6
CONTINUOUS
100
AcDbLine
 10
5.7440866929133856
 20
-3.8935055511811023
 30
0
 11
5.7438864566929135
 21
-3.8946400787401574
 31
0
  0
LINE
  5
4E
330
22
100
AcDbEntity
  8
F.Silkscreen
  6
CONTINUOUS
100
AcDbLine
 10
5.7438864566929135
 20
-3.8946400787401574
 30
0
 11
5.7432672834645668
 21
-3.8956116929133859
 31
0
  0
LINE
  5
4F
330
22
100
AcDbEntity
  8
F.Silkscreen
  6
CONTINUOUS
100
AcDbLine
 10
5.7432672834645668
 20
-3.8956116929133859
 30
0
 11
5.7428279133858267
 21
-3.8959885039370077
 31
0
  0
LINE
  5
50
330
22
100
AcDbEntity
  8
F.Silkscreen
  6
CONTINUOUS
100
AcDbLine
 10
5.7428279133858267
 20
-3.8959885039370077
 30
0
 11
5.7253396850393701
 21
-3.9082302362204722
 31
0
  0
LINE
  5
51
330
22
100
AcDbEntity
  8
F.Silkscreen
  6
CONTINUOUS
100
AcDbLine
 10
5.7253396850393701
 20
-3.9082302362204722
 30
0
 11
5.7253396850393701
 21
-3.913113937007874
 31
0
  0
LINE
  5
52
330
22
100
AcDbEntity
  8
F.Silkscreen
  6
CONTINUOUS
100
AcDbLine
 10
5.7253396850393701
 20
-3.913113937007874
 30
0
 11
5.7411346062992124
 21
-3.913113937007874
 31
0
  0
LINE
  5
53
330
22
100
AcDbEntity
  8
F.Silkscreen
  6
CONTINUOUS
100
AcDbLine
 10
5.7411346062992124
 20
-3.913113937007874
 30
0
 11
5.7417106692913382
 21
-3.9131706692913384
 31
0
  0
LINE
  5
54
330
22
100
AcDbEntity
  8
F.Silkscreen
  6
CONTINUOUS
100
AcDbLine
 10
5.7417106692913382
 20
-3.9131706692913384
 30
0
 11
5.7427750787401575
 21
-3.9136115748031495
 31
0
  0
LINE
  5
55
330
22
100
AcDbEntity
  8
F.Silkscreen
  6
CONTINUOUS
100
AcDbLine
 10
5.7427750787401575
 20
-3.9136115748031495
 30
0
 11
5.7435897244094489
 21
-3.9144262204724409
 31
0
  0
LINE
  5
56
330
22
100
AcDbEntity
  8
F.Silkscreen
  6
CONTINUOUS
100
AcDbLine
 10
5.7435897244094489
 20
-3.9144262204724409
 30
0
 11
5.7440306299212596
 21
-3.9154906299212597
 31
0
  0
LINE
  5
57
330
22
100
AcDbEntity
  8
F.Silkscreen
  6
CONTINUOUS
100
AcDbLine
 10
5.7440306299212596
 20
-3.9154906299212597
 30
0
 11
5.7440306299212596
 21
-3.9166427559055119
 31
0
  0
LINE
  5
58
330
22
100
AcDbEntity
  8
F.Silkscreen
  6
CONTINUOUS
100
AcDbLine
 10
5.7440306299212596
 20
-3.9166427559055119
 30
0
 11
5.7435897244094489
 21
-3.9177071653543307
 31
0
  0
LINE
  5
59
330
22
100
AcDbEntity
  8
F.Silkscreen
  6
CONTINUOUS
100
AcDbLine
 10
5.7435897244094489
 20
-3.9177071653543307
 30
0
 11
5.7427750787401575
 21
-3.9185218110236217
 31
0
  0
LINE
  5
5A
330
22
100
AcDbEntity
  8
F.Silkscreen
  6
CONTINUOUS
100
AcDbLine
 10
5.7427750787401575
 20
-3.9185218110236217
 30
0
 11
5.7417106692913382
 21
-3.9189627165354328
 31
0
  0
LINE
  5
5B
330
22
100
AcDbEntity
  8
F.Silkscreen
  6
CONTINUOUS
100
AcDbLine
 10
5.7417106692913382
 20
-3.9189627165354328
 30
0
 11
5.7411346062992124
 21
-3.9190194488188976
 31
0
  0
LINE
  5
5C
330
22
100
AcDbEntity
  8
F.Silkscreen
  6
CONTINUOUS
100
AcDbLine
 10
5.7411346062992124
 20
-3.9190194488188976
 30
0
 11
5.7017645275590549
 21
-3.9190194488188976
 31
0
  0
LINE
  5
5D
330
22
100
AcDbEntity
  8
F.Silkscreen
  6
CONTINUOUS
100
AcDbLine
 10
5.7017645275590549
 20
-3.9190194488188976
 30
0
 11
5.7011884645669291
 21
-3.9189627165354328
 31
0
  0
LINE
  5
5E
330
22
100
AcDbEntity
  8
F.Silkscreen
  6
CONTINUOUS
100
AcDbLine
 10
5.7011884645669291
 20
-3.9189627165354328
 30
0
 11
5.7001240551181098
 21
-3.9185218110236217
 31
0
  0
LINE
  5
5F
330
22
100
AcDbEntity
  8
F.Silkscreen
  6
CONTINUOUS
100
AcDbLine
 10
5.7001240551181098
 20
-3.9185218110236217
 30
0
 11
5.6993094094488184
 21
-3.9177071653543307
 31
0
  0
LINE
  5
60
330
22
100
AcDbEntity
  8
F.Silkscreen
  6
CONTINUOUS
100
AcDbLine
 10
5.6993094094488184
 20
-3.9177071653543307
 30
0
 11
5.6988685039370077
 21
-3.9166427559055119
 31
0
  0
LINE
  5
61
330
22
100
AcDbEntity
  8
F.Silkscreen
  6
CONTINUOUS
100
AcDbLine
 10
5.6988685039370077
 20
-3.9166427559055119
 30
0
 11
5.6988117716535429
 21
-3.9160666929133856
 31
0
  0
LINE
  5
62
330
22
100
AcDbEntity
  8
F.Silkscreen
  6
CONTINUOUS
100
AcDbLine
 10
5.6988117716535429
 20
-3.9160666929133856
 30
0
 11
5.6988117716535429
 21
-3.9010685826771652
 31
0
  0
LINE
  5
63
330
22
100
AcDbEntity
  8
F.Silkscreen
  6
CONTINUOUS
100
AcDbLine
 10
5.6988117716535429
 20
-3.9010685826771652
 30
0
 11
5.6988685039370077
 21
-3.9004925196850393
 31
0
  0
LINE
  5
64
330
22
100
AcDbEntity
  8
F.Silkscreen
  6
CONTINUOUS
100
AcDbLine
 10
5.6988685039370077
 20
-3.9004925196850393
 30
0
 11
5.6989090944881893
 21
-3.9003944881889763
 31
0
  0
LINE
  5
65
330
22
100
AcDbEntity
  8
F.Silkscreen
  6
CONTINUOUS
100
AcDbLine
 10
5.6989090944881893
 20
-3.9003944881889763
 30
0
 11
5.6989166141732284
 21
-3.9002887007874016
 31
0
  0
LINE
  5
66
330
22
100
AcDbEntity
  8
F.Silkscreen
  6
CONTINUOUS
100
AcDbLine
 10
5.6989166141732284
 20
-3.9002887007874016
 30
0
 11
5.6991235039370078
 21
-3.8997480708661416
 31
0
  0
LINE
  5
67
330
22
100
AcDbEntity
  8
F.Silkscreen
  6
CONTINUOUS
100
AcDbLine
 10
5.6991235039370078
 20
-3.8997480708661416
 30
0
 11
5.7009982677165354
 21
-3.8959985433070865
 31
0
  0
LINE
  5
68
330
22
100
AcDbEntity
  8
F.Silkscreen
  6
CONTINUOUS
100
AcDbLine
 10
5.7009982677165354
 20
-3.8959985433070865
 30
0
 11
5.7011543307086612
 21
-3.8957505118110234
 31
0
  0
LINE
  5
69
330
22
100
AcDbEntity
  8
F.Silkscreen
  6
CONTINUOUS
100
AcDbLine
 10
5.7011543307086612
 20
-3.8957505118110234
 30
0
 11
5.7011841732283459
 21
-3.8956785826771654
 31
0
  0
LINE
  5
6A
330
22
100
AcDbEntity
  8
F.Silkscreen
  6
CONTINUOUS
100
AcDbLine
 10
5.7011841732283459
 20
-3.8956785826771654
 30
0
 11
5.70125062992126
 21
-3.8955975984251969
 31
0
  0
LINE
  5
6B
330
22
100
AcDbEntity
  8
F.Silkscreen
  6
CONTINUOUS
100
AcDbLine
 10
5.70125062992126
 20
-3.8955975984251969
 30
0
 11
5.7013066141732285
 21
-3.8955086614173227
 31
0
  0
LINE
  5
6C
330
22
100
AcDbEntity
  8
F.Silkscreen
  6
CONTINUOUS
100
AcDbLine
 10
5.7013066141732285
 20
-3.8955086614173227
 30
0
 11
5.7013655905511813
 21
-3.8954574803149606
 31
0
  0
LINE
  5
6D
330
22
100
AcDbEntity
  8
F.Silkscreen
  6
CONTINUOUS
100
AcDbLine
 10
5.7013655905511813
 20
-3.8954574803149606
 30
0
 11
5.7015513779527556
 21
-3.8952311417322836
 31
0
  0
LINE
  5
6E
330
22
100
AcDbEntity
  8
F.Silkscreen
  6
CONTINUOUS
100
AcDbLine
 10
5.7015513779527556
 20
-3.8952311417322836
 30
0
 11
5.7034261417322831
 21
-3.893356377952756
 31
0
  0
LINE
  5
6F
330
22
100
AcDbEntity
  8
F.Silkscreen
  6
CONTINUOUS
100
AcDbLine
 10
5.7034261417322831
 20
-3.893356377952756
 30
0
 11
5.7036524803149602
 21
-3.8931705905511809
 31
0
  0
LINE
  5
70
330
22
100
AcDbEntity
  8
F.Silkscreen
  6
CONTINUOUS
100
AcDbLine
 10
5.7036524803149602
 20
-3.8931705905511809
 30
0
 11
5.7037036614173227
 21
-3.893111614173228
 31
0
  0
LINE
  5
71
330
22
100
AcDbEntity
  8
F.Silkscreen
  6
CONTINUOUS
100
AcDbLine
 10
5.7037036614173227
 20
-3.893111614173228
 30
0
 11
5.7037925984251965
 21
-3.89305562992126
 31
0
  0
LINE
  5
72
330
22
100
AcDbEntity
  8
F.Silkscreen
  6
CONTINUOUS
100
AcDbLine
 10
5.7037925984251965
 20
-3.89305562992126
 30
0
 11
5.7038735826771649
 21
-3.8929891732283464
 31
0
  0
LINE
  5
73
330
22
100
AcDbEntity
  8
F.Silkscreen
  6
CONTINUOUS
100
AcDbLine
 10
5.7038735826771649
 20
-3.8929891732283464
 30
0
 11
5.7039455118110238
 21
-3.8929593307086612
 31
0
  0
LINE
  5
74
330
22
100
AcDbEntity
  8
F.Silkscreen
  6
CONTINUOUS
100
AcDbLine
 10
5.7039455118110238
 20
-3.8929593307086612
 30
0
 11
5.7041935433070865
 21
-3.8928032677165354
 31
0
  0
LINE
  5
75
330
22
100
AcDbEntity
  8
F.Silkscreen
  6
CONTINUOUS
100
AcDbLine
 10
5.7041935433070865
 20
-3.8928032677165354
 30
0
 11
5.7079430708661416
 21
-3.8909285039370078
 31
0
  0
LINE
  5
76
330
22
100
AcDbEntity
  8
F.Silkscreen
  6
CONTINUOUS
100
AcDbLine
 10
5.7079430708661416
 20
-3.8909285039370078
 30
0
 11
5.7084836614173229
 21
-3.8907216141732284
 31
0
  0
LINE
  5
77
330
22
100
AcDbEntity
  8
F.Silkscreen
  6
CONTINUOUS
100
AcDbLine
 10
5.7084836614173229
 20
-3.8907216141732284
 30
0
 11
5.708589527559055
 21
-3.8907140551181101
 31
0
  0
LINE
  5
78
330
22
100
AcDbEntity
  8
F.Silkscreen
  6
CONTINUOUS
100
AcDbLine
 10
5.708589527559055
 20
-3.8907140551181101
 30
0
 11
5.7086875196850393
 21
-3.8906735039370077
 31
0
  0
LINE
  5
79
330
22
100
AcDbEntity
  8
F.Silkscreen
  6
CONTINUOUS
100
AcDbLine
 10
5.7086875196850393
 20
-3.8906735039370077
 30
0
 11
5.7092635826771652
 21
-3.8906167716535434
 31
0
  0
LINE
  5
7A
330
22
100
AcDbEntity
  8
F.Silkscreen
  6
CONTINUOUS
100
AcDbLine
 10
5.7092635826771652
 20
-3.8906167716535434
 30
0
 11
5.7148878740157478
 21
-3.8906167716535434
 31
0
  0
LINE
  5
7B
330
22
100
AcDbEntity
  8
F.Silkscreen
  6
CONTINUOUS
100
AcDbLine
 10
5.7148878740157478
 20
-3.8906167716535434
 30
0
 11
5.7154639370078737
 21
-3.8906735039370077
 31
0
  0
LINE
  5
7C
330
22
100
AcDbEntity
  8
F.Silkscreen
  6
CONTINUOUS
100
AcDbLine
 10
5.7072631496062991
 20
-3.8978710236220473
 30
0
 11
5.7060660236220473
 21
-3.8990681496062991
 31
0
  0
LINE
  5
7D
330
22
100
AcDbEntity
  8
F.Silkscreen
  6
CONTINUOUS
100
AcDbLine
 10
5.7060660236220473
 20
-3.8990681496062991
 30
0
 11
5.704717283464567
 21
-3.9017656299212597
 31
0
  0
LINE
  5
7E
330
22
100
AcDbEntity
  8
F.Silkscreen
  6
CONTINUOUS
100
AcDbLine
 10
5.704717283464567
 20
-3.9017656299212597
 30
0
 11
5.704717283464567
 21
-3.913113937007874
 31
0
  0
LINE
  5
7F
330
22
100
AcDbEntity
  8
F.Silkscreen
  6
CONTINUOUS
100
AcDbLine
 10
5.704717283464567
 20
-3.913113937007874
 30
0
 11
5.719434173228346
 21
-3.913113937007874
 31
0
  0
LINE
  5
80
330
22
100
AcDbEntity
  8
F.Silkscreen
  6
CONTINUOUS
100
AcDbLine
 10
5.719434173228346
 20
-3.913113937007874
 30
0
 11
5.719434173228346
 21
-3.9017656299212597
 31
0
  0
LINE
  5
81
330
22
100
AcDbEntity
  8
F.Silkscreen
  6
CONTINUOUS
100
AcDbLine
 10
5.719434173228346
 20
-3.9017656299212597
 30
0
 11
5.7180854330708657
 21
-3.8990681496062991
 31
0
  0
LINE
  5
82
330
22
100
AcDbEntity
  8
F.Silkscreen
  6
CONTINUOUS
100
AcDbLine
 10
5.7180854330708657
 20
-3.8990681496062991
 30
0
 11
5.7168883070866139
 21
-3.8978710236220473
 31
0
  0
LINE
  5
83
330
22
100
AcDbEntity
  8
F.Silkscreen
  6
CONTINUOUS
100
AcDbLine
 10
5.7168883070866139
 20
-3.8978710236220473
 30
0
 11
5.7141908267716532
 21
-3.896522283464567
 31
0
  0
LINE
  5
84
330
22
100
AcDbEntity
  8
F.Silkscreen
  6
CONTINUOUS
100
AcDbLine
 10
5.7141908267716532
 20
-3.896522283464567
 30
0
 11
5.7099606299212597
 21
-3.896522283464567
 31
0
  0
LINE
  5
85
330
22
100
AcDbEntity
  8
F.Silkscreen
  6
CONTINUOUS
100
AcDbLine
 10
5.7099606299212597
 20
-3.896522283464567
 30
0
 11
5.7072631496062991
 21
-3.8978710236220473
 31
0
  0
LINE
  5
86
330
22
100
AcDbEntity
  8
F.Silkscreen
  6
CONTINUOUS
100
AcDbLine
 10
6.2469599999999996
 20
-3.8904766535433071
 30
0
 11
6.2470579921259839
 21
-3.8905172440944882
 31
0
  0
LINE
  5
87
330
22
100
AcDbEntity
  8
F.Silkscreen
  6
CONTINUOUS
100
AcDbLine
 10
6.2470579921259839
 20
-3.8905172440944882
 30
0
 11
6.2471638188976373
 21
-3.8905247637795273
 31
0
  0
LINE
  5
88
330
22
100
AcDbEntity
  8
F.Silkscreen
  6
CONTINUOUS
100
AcDbLine
 10
6.2471638188976373
 20
-3.8905247637795273
 30
0
 11
6.2477044488188973
 21
-3.8907316535433072
 31
0
  0
LINE
  5
89
330
22
100
AcDbEntity
  8
F.Silkscreen
  6
CONTINUOUS
100
AcDbLine
 10
6.2477044488188973
 20
-3.8907316535433072
 30
0
 11
6.2514539763779524
 21
-3.8926064173228347
 31
0
  0
LINE
  5
8A
330
22
100
AcDbEntity
  8
F.Silkscreen
  6
CONTINUOUS
100
AcDbLine
 10
6.2514539763779524
 20
-3.8926064173228347
 30
0
 11
6.2517019685039372
 21
-3.8927624803149605
 31
0
  0
LINE
  5
8B
330
22
100
AcDbEntity
  8
F.Silkscreen
  6
CONTINUOUS
100
AcDbLine
 10
6.2517019685039372
 20
-3.8927624803149605
 30
0
 11
6.251773937007874
 21
-3.8927923228346457
 31
0
  0
LINE
  5
8C
330
22
100
AcDbEntity
  8
F.Silkscreen
  6
CONTINUOUS
100
AcDbLine
 10
6.251773937007874
 20
-3.8927923228346457
 30
0
 11
6.2518548818897637
 21
-3.8928587795275589
 31
0
  0
LINE
  5
8D
330
22
100
AcDbEntity
  8
F.Silkscreen
  6
CONTINUOUS
100
AcDbLine
 10
6.2518548818897637
 20
-3.8928587795275589
 30
0
 11
6.2519438582677163
 21
-3.8929147637795274
 31
0
  0
LINE
  5
8E
330
22
100
AcDbEntity
  8
F.Silkscreen
  6
CONTINUOUS
100
AcDbLine
 10
6.2519438582677163
 20
-3.8929147637795274
 30
0
 11
6.251995
 21
-3.8929737401574802
 31
0
  0
LINE
  5
8F
330
22
100
AcDbEntity
  8
F.Silkscreen
  6
CONTINUOUS
100
AcDbLine
 10
6.251995
 20
-3.8929737401574802
 30
0
 11
6.2522213779527558
 21
-3.8931595275590549
 31
0
  0
LINE
  5
90
330
22
100
AcDbEntity
  8
F.Silkscreen
  6
CONTINUOUS
100
AcDbLine
 10
6.2522213779527558
 20
-3.8931595275590549
 30
0
 11
6.2540961417322833
 21
-3.8950342913385825
 31
0
  0
LINE
  5
91
330
22
100
AcDbEntity
  8
F.Silkscreen
  6
CONTINUOUS
100
AcDbLine
 10
6.2540961417322833
 20
-3.8950342913385825
 30
0
 11
6.2542818897637797
 21
-3.8952606299212595
 31
0
  0
LINE
  5
92
330
22
100
AcDbEntity
  8
F.Silkscreen
  6
CONTINUOUS
100
AcDbLine
 10
6.2542818897637797
 20
-3.8952606299212595
 30
0
 11
6.2543409055118113
 21
-3.895311811023622
 31
0
  0
LINE
  5
93
330
22
100
AcDbEntity
  8
F.Silkscreen
  6
CONTINUOUS
100
AcDbLine
 10
6.2543409055118113
 20
-3.895311811023622
 30
0
 11
6.2543968503937011
 21
-3.8954007480314958
 31
0
  0
LINE
  5
94
330
22
100
AcDbEntity
  8
F.Silkscreen
  6
CONTINUOUS
100
AcDbLine
 10
6.2543968503937011
 20
-3.8954007480314958
 30
0
 11
6.254463346456693
 21
-3.8954817322834643
 31
0
  0
LINE
  5
95
330
22
100
AcDbEntity
  8
F.Silkscreen
  6
CONTINUOUS
100
AcDbLine
 10
6.254463346456693
 20
-3.8954817322834643
 30
0
 11
6.254493149606299
 21
-3.8955536614173227
 31
0
  0
LINE
  5
96
330
22
100
AcDbEntity
  8
F.Silkscreen
  6
CONTINUOUS
100
AcDbLine
 10
6.254493149606299
 20
-3.8955536614173227
 30
0
 11
6.2546492519685035
 21
-3.8958016929133858
 31
0
  0
LINE
  5
97
330
22
100
AcDbEntity
  8
F.Silkscreen
  6
CONTINUOUS
100
AcDbLine
 10
6.2546492519685035
 20
-3.8958016929133858
 30
0
 11
6.2565240157480311
 21
-3.899551220472441
 31
0
  0
LINE
  5
98
330
22
100
AcDbEntity
  8
F.Silkscreen
  6
CONTINUOUS
100
AcDbLine
 10
6.2565240157480311
 20
-3.899551220472441
 30
0
 11
6.2567309055118105
 21
-3.9000918110236218
 31
0
  0
LINE
  5
99
330
22
100
AcDbEntity
  8
F.Silkscreen
  6
CONTINUOUS
100
AcDbLine
 10
6.2567309055118105
 20
-3.9000918110236218
 30
0
 11
6.2567384251968505
 21
-3.9001976771653544
 31
0
  0
LINE
  5
9A
330
22
100
AcDbEntity
  8
F.Silkscreen
  6
CONTINUOUS
100
AcDbLine
 10
6.2567384251968505
 20
-3.9001976771653544
 30
0
 11
6.2567790157480312
 21
-3.9002956692913386
 31
0
  0
LINE
  5
9B
330
22
100
AcDbEntity
  8
F.Silkscreen
  6
CONTINUOUS
100
AcDbLine
 10
6.2567790157480312
 20
-3.9002956692913386
 30
0
 11
6.2568314173228341
 21
-3.9008277952755903
 31
0
  0
LINE
  5
9C
330
22
100
AcDbEntity
  8
F.Silkscreen
  6
CONTINUOUS
100
AcDbLine
 10
6.2568314173228341
 20
-3.9008277952755903
 30
0
 11
6.2709374015748027
 21
-3.8909536614173228
 31
0
  0
LINE
  5
9D
330
22
100
AcDbEntity
  8
F.Silkscreen
  6
CONTINUOUS
100
AcDbLine
 10
6.2709374015748027
 20
-3.8909536614173228
 30
0
 11
6.2714418503937006
 21
-3.8906698031496063
 31
0
  0
LINE
  5
9E
330
22
100
AcDbEntity
  8
F.Silkscreen
  6
CONTINUOUS
100
AcDbLine
 10
6.2714418503937006
 20
-3.8906698031496063
 30
0
 11
6.2725666929133856
 21
-3.8904206299212598
 31
0
  0
LINE
  5
9F
330
22
100
AcDbEntity
  8
F.Silkscreen
  6
CONTINUOUS
100
AcDbLine
 10
6.2725666929133856
 20
-3.8904206299212598
 30
0
 11
6.2737012598425199
 21
-3.8906208267716536
 31
0
  0
LINE
  5
A0
330
22
100
AcDbEntity
  8
F.Silkscreen
  6
CONTINUOUS
100
AcDbLine
 10
6.2737012598425199
 20
-3.8906208267716536
 30
0
 11
6.2746728346456688
 21
-3.8912399999999998
 31
0
  0
LINE
  5
A1
330
22
100
AcDbEntity
  8
F.Silkscreen
  6
CONTINUOUS
100
AcDbLine
 10
6.2746728346456688
 20
-3.8912399999999998
 30
0
 11
6.2753335433070863
 21
-3.8921838582677166
 31
0
  0
LINE
  5
A2
330
22
100
AcDbEntity
  8
F.Silkscreen
  6
CONTINUOUS
100
AcDbLine
 10
6.2753335433070863
 20
-3.8921838582677166
 30
0
 11
6.2755827559055115
 21
-3.8933087007874017
 31
0
  0
LINE
  5
A3
330
22
100
AcDbEntity
  8
F.Silkscreen
  6
CONTINUOUS
100
AcDbLine
 10
6.2755827559055115
 20
-3.8933087007874017
 30
0
 11
6.2753825196850395
 21
-3.8944432283464567
 31
0
  0
LINE
  5
A4
330
22
100
AcDbEntity
  8
F.Silkscreen
  6
CONTINUOUS
100
AcDbLine
 10
6.2753825196850395
 20
-3.8944432283464567
 30
0
 11
6.2747633464566928
 21
-3.8954148425196848
 31
0
  0
LINE
  5
A5
330
22
100
AcDbEntity
  8
F.Silkscreen
  6
CONTINUOUS
100
AcDbLine
 10
6.2747633464566928
 20
-3.8954148425196848
 30
0
 11
6.2743239763779526
 21
-3.895791653543307
 31
0
  0
LINE
  5
A6
330
22
100
AcDbEntity
  8
F.Silkscreen
  6
CONTINUOUS
100
AcDbLine
 10
6.2743239763779526
 20
-3.895791653543307
 30
0
 11
6.256835748031496
 21
-3.9080333858267715
 31
0
  0
LINE
  5
A7
330
22
100
AcDbEntity
  8
F.Silkscreen
  6
CONTINUOUS
100
AcDbLine
 10
6.256835748031496
 20
-3.9080333858267715
 30
0
 11
6.256835748031496
 21
-3.9129170866141729
 31
0
  0
LINE
  5
A8
330
22
100
AcDbEntity
  8
F.Silkscreen
  6
CONTINUOUS
100
AcDbLine
 10
6.256835748031496
 20
-3.9129170866141729
 30
0
 11
6.2726306692913383
 21
-3.9129170866141729
 31
0
  0
LINE
  5
A9
330
22
100
AcDbEntity
  8
F.Silkscreen
  6
CONTINUOUS
100
AcDbLine
 10
6.2726306692913383
 20
-3.9129170866141729
 30
0
 11
6.2732067322834641
 21
-3.9129738188976377
 31
0
  0
LINE
  5
AA
330
22
100
AcDbEntity
  8
F.Silkscreen
  6
CONTINUOUS
100
AcDbLine
 10
6.2732067322834641
 20
-3.9129738188976377
 30
0
 11
6.2742711417322834
 21
-3.9134147244094488
 31
0
  0
LINE
  5
AB
330
22
100
AcDbEntity
  8
F.Silkscreen
  6
CONTINUOUS
100
AcDbLine
 10
6.2742711417322834
 20
-3.9134147244094488
 30
0
 11
6.2750857874015749
 21
-3.9142293700787403
 31
0
  0
LINE
  5
AC
330
22
100
AcDbEntity
  8
F.Silkscreen
  6
CONTINUOUS
100
AcDbLine
 10
6.2750857874015749
 20
-3.9142293700787403
 30
0
 11
6.2755266929133855
 21
-3.9152937795275591
 31
0
  0
LINE
  5
AD
330
22
100
AcDbEntity
  8
F.Silkscreen
  6
CONTINUOUS
100
AcDbLine
 10
6.2755266929133855
 20
-3.9152937795275591
 30
0
 11
6.2755266929133855
 21
-3.9164459055118108
 31
0
  0
LINE
  5
AE
330
22
100
AcDbEntity
  8
F.Silkscreen
  6
CONTINUOUS
100
AcDbLine
 10
6.2755266929133855
 20
-3.9164459055118108
 30
0
 11
6.2750857874015749
 21
-3.9175103149606296
 31
0
  0
LINE
  5
AF
330
22
100
AcDbEntity
  8
F.Silkscreen
  6
CONTINUOUS
100
AcDbLine
 10
6.2750857874015749
 20
-3.9175103149606296
 30
0
 11
6.2742711417322834
 21
-3.9183249606299211
 31
0
  0
LINE
  5
B0
330
22
100
AcDbEntity
  8
F.Silkscreen
  6
CONTINUOUS
100
AcDbLine
 10
6.2742711417322834
 20
-3.9183249606299211
 30
0
 11
6.2732067322834641
 21
-3.9187658661417322
 31
0
  0
LINE
  5
B1
330
22
100
AcDbEntity
  8
F.Silkscreen
  6
CONTINUOUS
100
AcDbLine
 10
6.2732067322834641
 20
-3.9187658661417322
 30
0
 11
6.2726306692913383
 21
-3.918822598425197
 31
0
  0
LINE
  5
B2
330
22
100
AcDbEntity
  8
F.Silkscreen
  6
CONTINUOUS
100
AcDbLine
 10
6.2726306692913383
 20
-3.918822598425197
 30
0
 11
6.2332605905511809
 21
-3.918822598425197
 31
0
  0
LINE
  5
B3
330
22
100
AcDbEntity
  8
F.Silkscreen
  6
CONTINUOUS
100
AcDbLine
 10
6.2332605905511809
 20
-3.918822598425197
 30
0
 11
6.232684527559055
 21
-3.9187658661417322
 31
0
  0
LINE
  5
B4
330
22
100
AcDbEntity
  8
F.Silkscreen
  6
CONTINUOUS
100
AcDbLine
 10
6.232684527559055
 20
-3.9187658661417322
 30
0
 11
6.2316201181102358
 21
-3.9183249606299211
 31
0
  0
LINE
  5
B5
330
22
100
AcDbEntity
  8
F.Silkscreen
  6
CONTINUOUS
100
AcDbLine
 10
6.2316201181102358
 20
-3.9183249606299211
 30
0
 11
6.2308054724409452
 21
-3.9175103149606296
 31
0
  0
LINE
  5
B6
330
22
100
AcDbEntity
  8
F.Silkscreen
  6
CONTINUOUS
100
AcDbLine
 10
6.2308054724409452
 20
-3.9175103149606296
 30
0
 11
6.2303645669291337
 21
-3.9164459055118108
 31
0
  0
LINE
  5
B7
330
22
100
AcDbEntity
  8
F.Silkscreen
  6
CONTINUOUS
100
AcDbLine
 10
6.2303645669291337
 20
-3.9164459055118108
 30
0
 11
6.2303078346456688
 21
-3.915869842519685
 31
0
  0
LINE
  5
B8
330
22
100
AcDbEntity
  8
F.Silkscreen
  6
CONTINUOUS
100
AcDbLine
 10
6.2303078346456688
 20
-3.915869842519685
 30
0
 11
6.2303078346456688
 21
-3.9008717322834645
 31
0
  0
LINE
  5
B9
330
22
100
AcDbEntity
  8
F.Silkscreen
  6
CONTINUOUS
100
AcDbLine
 10
6.2303078346456688
 20
-3.9008717322834645
 30
0
 11
6.2303645669291337
 21
-3.9002956692913386
 31
0
  0
LINE
  5
BA
330
22
100
AcDbEntity
  8
F.Silkscreen
  6
CONTINUOUS
100
AcDbLine
 10
6.2303645669291337
 20
-3.9002956692913386
 30
0
 11
6.2304051574803152
 21
-3.9001976377952756
 31
0
  0
LINE
  5
BB
330
22
100
AcDbEntity
  8
F.Silkscreen
  6
CONTINUOUS
100
AcDbLine
 10
6.2304051574803152
 20
-3.9001976377952756
 30
0
 11
6.2304126771653543
 21
-3.9000918503937005
 31
0
  0
LINE
  5
BC
330
22
100
AcDbEntity
  8
F.Silkscreen
  6
CONTINUOUS
100
AcDbLine
 10
6.2304126771653543
 20
-3.9000918503937005
 30
0
 11
6.2306195669291338
 21
-3.899551220472441
 31
0
  0
LINE
  5
BD
330
22
100
AcDbEntity
  8
F.Silkscreen
  6
CONTINUOUS
100
AcDbLine
 10
6.2306195669291338
 20
-3.899551220472441
 30
0
 11
6.2324943307086613
 21
-3.8958016929133858
 31
0
  0
LINE
  5
BE
330
22
100
AcDbEntity
  8
F.Silkscreen
  6
CONTINUOUS
100
AcDbLine
 10
6.2324943307086613
 20
-3.8958016929133858
 30
0
 11
6.2326503937007871
 21
-3.8955536614173227
 31
0
  0
LINE
  5
BF
330
22
100
AcDbEntity
  8
F.Silkscreen
  6
CONTINUOUS
100
AcDbLine
 10
6.2326503937007871
 20
-3.8955536614173227
 30
0
 11
6.2326802362204727
 21
-3.8954817322834643
 31
0
  0
LINE
  5
C0
330
22
100
AcDbEntity
  8
F.Silkscreen
  6
CONTINUOUS
100
AcDbLine
 10
6.2326802362204727
 20
-3.8954817322834643
 30
0
 11
6.2327466929133859
 21
-3.8954007480314958
 31
0
  0
LINE
  5
C1
330
22
100
AcDbEntity
  8
F.Silkscreen
  6
CONTINUOUS
100
AcDbLine
 10
6.2327466929133859
 20
-3.8954007480314958
 30
0
 11
6.2328026771653544
 21
-3.895311811023622
 31
0
  0
LINE
  5
C2
330
22
100
AcDbEntity
  8
F.Silkscreen
  6
CONTINUOUS
100
AcDbLine
 10
6.2328026771653544
 20
-3.895311811023622
 30
0
 11
6.2328616535433072
 21
-3.8952606299212595
 31
0
  0
LINE
  5
C3
330
22
100
AcDbEntity
  8
F.Silkscreen
  6
CONTINUOUS
100
AcDbLine
 10
6.2328616535433072
 20
-3.8952606299212595
 30
0
 11
6.2330474409448815
 21
-3.8950342913385825
 31
0
  0
LINE
  5
C4
330
22
100
AcDbEntity
  8
F.Silkscreen
  6
CONTINUOUS
100
AcDbLine
 10
6.2330474409448815
 20
-3.8950342913385825
 30
0
 11
6.2349222047244091
 21
-3.8931595275590549
 31
0
  0
LINE
  5
C5
330
22
100
AcDbEntity
  8
F.Silkscreen
  6
CONTINUOUS
100
AcDbLine
 10
6.2349222047244091
 20
-3.8931595275590549
 30
0
 11
6.2351485433070861
 21
-3.8929737401574802
 31
0
  0
LINE
  5
C6
330
22
100
AcDbEntity
  8
F.Silkscreen
  6
CONTINUOUS
100
AcDbLine
 10
6.2351485433070861
 20
-3.8929737401574802
 30
0
 11
6.2351997244094486
 21
-3.8929147637795274
 31
0
  0
LINE
  5
C7
330
22
100
AcDbEntity
  8
F.Silkscreen
  6
CONTINUOUS
100
AcDbLine
 10
6.2351997244094486
 20
-3.8929147637795274
 30
0
 11
6.2352886614173224
 21
-3.8928587795275589
 31
0
  0
LINE
  5
C8
330
22
100
AcDbEntity
  8
F.Silkscreen
  6
CONTINUOUS
100
AcDbLine
 10
6.2352886614173224
 20
-3.8928587795275589
 30
0
 11
6.2353696456692909
 21
-3.8927923228346457
 31
0
  0
LINE
  5
C9
330
22
100
AcDbEntity
  8
F.Silkscreen
  6
CONTINUOUS
100
AcDbLine
 10
6.2353696456692909
 20
-3.8927923228346457
 30
0
 11
6.2354415748031498
 21
-3.8927624803149605
 31
0
  0
LINE
  5
CA
330
22
100
AcDbEntity
  8
F.Silkscreen
  6
CONTINUOUS
100
AcDbLine
 10
6.2354415748031498
 20
-3.8927624803149605
 30
0
 11
6.2356896062992124
 21
-3.8926064173228347
 31
0
  0
LINE
  5
CB
330
22
100
AcDbEntity
  8
F.Silkscreen
  6
CONTINUOUS
100
AcDbLine
 10
6.2356896062992124
 20
-3.8926064173228347
 30
0
 11
6.2394391338582675
 21
-3.8907316535433072
 31
0
  0
LINE
  5
CC
330
22
100
AcDbEntity
  8
F.Silkscreen
  6
CONTINUOUS
100
AcDbLine
 10
6.2394391338582675
 20
-3.8907316535433072
 30
0
 11
6.2399797244094488
 21
-3.8905247637795273
 31
0
  0
LINE
  5
CD
330
22
100
AcDbEntity
  8
F.Silkscreen
  6
CONTINUOUS
100
AcDbLine
 10
6.2399797244094488
 20
-3.8905247637795273
 30
0
 11
6.2400855905511809
 21
-3.8905172047244094
 31
0
  0
LINE
  5
CE
330
22
100
AcDbEntity
  8
F.Silkscreen
  6
CONTINUOUS
100
AcDbLine
 10
6.2400855905511809
 20
-3.8905172047244094
 30
0
 11
6.2401835826771652
 21
-3.8904766535433071
 31
0
  0
LINE
  5
CF
330
22
100
AcDbEntity
  8
F.Silkscreen
  6
CONTINUOUS
100
AcDbLine
 10
6.2401835826771652
 20
-3.8904766535433071
 30
0
 11
6.2407596456692911
 21
-3.8904199212598423
 31
0
  0
LINE
  5
D0
330
22
100
AcDbEntity
  8
F.Silkscreen
  6
CONTINUOUS
100
AcDbLine
 10
6.2407596456692911
 20
-3.8904199212598423
 30
0
 11
6.2463839370078738
 21
-3.8904199212598423
 31
0
  0
LINE
  5
D1
330
22
100
AcDbEntity
  8
F.Silkscreen
  6
CONTINUOUS
100
AcDbLine
 10
6.2463839370078738
 20
-3.8904199212598423
 30
0
 11
6.2469599999999996
 21
-3.8904766535433071
 31
0
  0
LINE
  5
D2
330
22
100
AcDbEntity
  8
F.Silkscreen
  6
CONTINUOUS
100
AcDbLine
 10
6.238759212598425
 20
-3.8976741732283462
 30
0
 11
6.2375620866141732
 21
-3.8988712992125985
 31
0
  0
LINE
  5
D3
330
22
100
AcDbEntity
  8
F.Silkscreen
  6
CONTINUOUS
100
AcDbLine
 10
6.2375620866141732
 20
-3.8988712992125985
 30
0
 11
6.2362133464566929
 21
-3.9015687795275591
 31
0
  0
LINE
  5
D4
330
22
100
AcDbEntity
  8
F.Silkscreen
  6
CONTINUOUS
100
AcDbLine
 10
6.2362133464566929
 20
-3.9015687795275591
 30
0
 11
6.2362133464566929
 21
-3.9129170866141729
 31
0
  0
LINE
  5
D5
330
22
100
AcDbEntity
  8
F.Silkscreen
  6
CONTINUOUS
100
AcDbLine
 10
6.2362133464566929
 20
-3.9129170866141729
 30
0
 11
6.2509302362204719
 21
-3.9129170866141729
 31
0
  0
LINE
  5
D6
330
22
100
AcDbEntity
  8
F.Silkscreen
  6
CONTINUOUS
100
AcDbLine
 10
6.2509302362204719
 20
-3.9129170866141729
 30
0
 11
6.2509302362204719
 21
-3.9015687795275591
 31
0
  0
LINE
  5
D7
330
22
100
AcDbEntity
  8
F.Silkscreen
  6
CONTINUOUS
100
AcDbLine
 10
6.2509302362204719
 20
-3.9015687795275591
 30
0
 11
6.2495814960629916
 21
-3.8988712992125985
 31
0
  0
LINE
  5
D8
330
22
100
AcDbEntity
  8
F.Silkscreen
  6
CONTINUOUS
100
AcDbLine
 10
6.2495814960629916
 20
-3.8988712992125985
 30
0
 11
6.2483843700787398
 21
-3.8976741732283462
 31
0
  0
LINE
  5
D9
330
22
100
AcDbEntity
  8
F.Silkscreen
  6
CONTINUOUS
100
AcDbLine
 10
6.2483843700787398
 20
-3.8976741732283462
 30
0
 11
6.2456868897637792
 21
-3.8963254330708659
 31
0
  0
LINE
  5
DA
330
22
100
AcDbEntity
  8
F.Silkscreen
  6
CONTINUOUS
100
AcDbLine
 10
6.2456868897637792
 20
-3.8963254330708659
 30
0
 11
6.2414566929133857
 21
-3.8963254330708659
 31
0
  0
LINE
  5
DB
330
22
100
AcDbEntity
  8
F.Silkscreen
  6
CONTINUOUS
100
AcDbLine
 10
6.2414566929133857
 20
-3.8963254330708659
 30
0
 11
6.238759212598425
 21
-3.8976741732283462
 31
0
  0
LINE
  5
DC
330
22
100
AcDbEntity
  8
F.Silkscreen
  6
CONTINUOUS
100
AcDbLine
 10
5.6430640551181099
 20
-3.7822642125984252
 30
0
 11
5.6514660236220475
 21
-3.7849941732283465
 31
0
  0
LINE
  5
DD
330
22
100
AcDbEntity
  8
F.Silkscreen
  6
CONTINUOUS
100
AcDbLine
 10
5.6514660236220475
 20
-3.7849941732283465
 30
0
 11
5.6593375196850388
 21
-3.7890049212598425
 31
0
  0
LINE
  5
DE
330
22
100
AcDbEntity
  8
F.Silkscreen
  6
CONTINUOUS
100
AcDbLine
 10
5.6593375196850388
 20
-3.7890049212598425
 30
0
 11
5.6664846850393698
 21
-3.7941975984251965
 31
0
  0
LINE
  5
DF
330
22
100
AcDbEntity
  8
F.Silkscreen
  6
CONTINUOUS
100
AcDbLine
 10
5.6664846850393698
 20
-3.7941975984251965
 30
0
 11
5.672731535433071
 21
-3.8004444488188978
 31
0
  0
LINE
  5
E0
330
22
100
AcDbEntity
  8
F.Silkscreen
  6
CONTINUOUS
100
AcDbLine
 10
5.672731535433071
 20
-3.8004444488188978
 30
0
 11
5.6779242125984251
 21
-3.8075916141732282
 31
0
  0
LINE
  5
E1
330
22
100
AcDbEntity
  8
F.Silkscreen
  6
CONTINUOUS
100
AcDbLine
 10
5.6779242125984251
 20
-3.8075916141732282
 30
0
 11
5.6819349606299214
 21
-3.8154631102362204
 31
0
  0
LINE
  5
E2
330
22
100
AcDbEntity
  8
F.Silkscreen
  6
CONTINUOUS
100
AcDbLine
 10
5.6819349606299214
 20
-3.8154631102362204
 30
0
 11
5.6846649212598424
 21
-3.8238650787401576
 31
0
  0
LINE
  5
E3
330
22
100
AcDbEntity
  8
F.Silkscreen
  6
CONTINUOUS
100
AcDbLine
 10
5.6846649212598424
 20
-3.8238650787401576
 30
0
 11
5.686046929133858
 21
-3.8325906692913385
 31
0
  0
LINE
  5
E4
330
22
100
AcDbEntity
  8
F.Silkscreen
  6
CONTINUOUS
100
AcDbLine
 10
5.686046929133858
 20
-3.8325906692913385
 30
0
 11
5.686046929133858
 21
-3.8414250787401576
 31
0
  0
LINE
  5
E5
330
22
100
AcDbEntity
  8
F.Silkscreen
  6
CONTINUOUS
100
AcDbLine
 10
5.686046929133858
 20
-3.8414250787401576
 30
0
 11
5.6846649212598424
 21
-3.8501506692913385
 31
0
  0
LINE
  5
E6
330
22
100
AcDbEntity
  8
F.Silkscreen
  6
CONTINUOUS
100
AcDbLine
 10
5.6846649212598424
 20
-3.8501506692913385
 30
0
 11
5.6819349606299214
 21
-3.8585526377952757
 31
0
  0
LINE
  5
E7
330
22
100
AcDbEntity
  8
F.Silkscreen
  6
CONTINUOUS
100
AcDbLine
 10
5.6819349606299214
 20
-3.8585526377952757
 30
0
 11
5.6779242125984251
 21
-3.8664241338582674
 31
0
  0
LINE
  5
E8
330
22
100
AcDbEntity
  8
F.Silkscreen
  6
CONTINUOUS
100
AcDbLine
 10
5.6779242125984251
 20
-3.8664241338582674
 30
0
 11
5.672731535433071
 21
-3.8735712992125984
 31
0
  0
LINE
  5
E9
330
22
100
AcDbEntity
  8
F.Silkscreen
  6
CONTINUOUS
100
AcDbLine
 10
5.672731535433071
 20
-3.8735712992125984
 30
0
 11
5.6664846850393698
 21
-3.8798181496062991
 31
0
  0
LINE
  5
EA
330
22
100
AcDbEntity
  8
F.Silkscreen
  6
CONTINUOUS
100
AcDbLine
 10
5.6664846850393698
 20
-3.8798181496062991
 30
0
 11
5.6593375196850388
 21
-3.8850108267716537
 31
0
  0
LINE
  5
EB
330
22
100
AcDbEntity
  8
F.Silkscreen
  6
CONTINUOUS
100
AcDbLine
 10
5.6593375196850388
 20
-3.8850108267716537
 30
0
 11
5.6514660236220475
 21
-3.8890215748031496
 31
0
  0
LINE
  5
EC
330
22
100
AcDbEntity
  8
F.Silkscreen
  6
CONTINUOUS
100
AcDbLine
 10
5.6514660236220475
 20
-3.8890215748031496
 30
0
 11
5.6430640551181099
 21
-3.891751535433071
 31
0
  0
LINE
  5
ED
330
22
100
AcDbEntity
  8
F.Silkscreen
  6
CONTINUOUS
100
AcDbLine
 10
5.6430640551181099
 20
-3.891751535433071
 30
0
 11
5.6343384645669294
 21
-3.8931335433070866
 31
0
  0
LINE
  5
EE
330
22
100
AcDbEntity
  8
F.Silkscreen
  6
CONTINUOUS
100
AcDbLine
 10
5.6343384645669294
 20
-3.8931335433070866
 30
0
 11
5.6322834645669291
 21
-3.8931335433070866
 31
0
  0
LINE
  5
EF
330
22
100
AcDbEntity
  8
F.Silkscreen
  6
CONTINUOUS
100
AcDbLine
 10
5.6322834645669291
 20
-3.8931335433070866
 30
0
 11
5.6322834645669291
 21
-3.8937007874015745
 31
0
  0
LINE
  5
F0
330
22
100
AcDbEntity
  8
F.Silkscreen
  6
CONTINUOUS
100
AcDbLine
 10
5.6322834645669291
 20
-3.8937007874015745
 30
0
 11
5.6321036614173225
 21
-3.8946047637795274
 31
0
  0
LINE
  5
F1
330
22
100
AcDbEntity
  8
F.Silkscreen
  6
CONTINUOUS
100
AcDbLine
 10
5.6321036614173225
 20
-3.8946047637795274
 30
0
 11
5.6308252362204723
 21
-3.8958831889763776
 31
0
  0
LINE
  5
F2
330
22
100
AcDbEntity
  8
F.Silkscreen
  6
CONTINUOUS
100
AcDbLine
 10
5.6308252362204723
 20
-3.8958831889763776
 30
0
 11
5.6290172834645666
 21
-3.8958831889763776
 31
0
  0
LINE
  5
F3
330
22
100
AcDbEntity
  8
F.Silkscreen
  6
CONTINUOUS
100
AcDbLine
 10
5.6290172834645666
 20
-3.8958831889763776
 30
0
 11
5.6277388582677164
 21
-3.8946047637795274
 31
0
  0
LINE
  5
F4
330
22
100
AcDbEntity
  8
F.Silkscreen
  6
CONTINUOUS
100
AcDbLine
 10
5.6277388582677164
 20
-3.8946047637795274
 30
0
 11
5.6275590551181098
 21
-3.8937007874015745
 31
0
  0
LINE
  5
F5
330
22
100
AcDbEntity
  8
F.Silkscreen
  6
CONTINUOUS
100
AcDbLine
 10
5.6275590551181098
 20
-3.8937007874015745
 30
0
 11
5.6275590551181098
 21
-3.8931335433070866
 31
0
  0
LINE
  5
F6
330
22
100
AcDbEntity
  8
F.Silkscreen
  6
CONTINUOUS
100
AcDbLine
 10
5.6275590551181098
 20
-3.8931335433070866
 30
0
 11
5.6255040551181104
 21
-3.8931335433070866
 31
0
  0
LINE
  5
F7
330
22
100
AcDbEntity
  8
F.Silkscreen
  6
CONTINUOUS
100
AcDbLine
 10
5.6255040551181104
 20
-3.8931335433070866
 30
0
 11
5.616778464566929
 21
-3.891751535433071
 31
0
  0
LINE
  5
F8
330
22
100
AcDbEntity
  8
F.Silkscreen
  6
CONTINUOUS
100
AcDbLine
 10
5.616778464566929
 20
-3.891751535433071
 30
0
 11
5.6083764960629923
 21
-3.8890215748031496
 31
0
  0
LINE
  5
F9
330
22
100
AcDbEntity
  8
F.Silkscreen
  6
CONTINUOUS
100
AcDbLine
 10
5.6083764960629923
 20
-3.8890215748031496
 30
0
 11
5.6005050000000001
 21
-3.8850108267716537
 31
0
  0
LINE
  5
FA
330
22
100
AcDbEntity
  8
F.Silkscreen
  6
CONTINUOUS
100
AcDbLine
 10
5.6005050000000001
 20
-3.8850108267716537
 30
0
 11
5.5933578346456692
 21
-3.8798181496062991
 31
0
  0
LINE
  5
FB
330
22
100
AcDbEntity
  8
F.Silkscreen
  6
CONTINUOUS
100
AcDbLine
 10
5.5933578346456692
 20
-3.8798181496062991
 30
0
 11
5.5871109842519679
 21
-3.8735712992125984
 31
0
  0
LINE
  5
FC
330
22
100
AcDbEntity
  8
F.Silkscreen
  6
CONTINUOUS
100
AcDbLine
 10
5.5871109842519679
 20
-3.8735712992125984
 30
0
 11
5.5819183070866139
 21
-3.8664241338582674
 31
0
  0
LINE
  5
FD
330
22
100
AcDbEntity
  8
F.Silkscreen
  6
CONTINUOUS
100
AcDbLine
 10
5.5819183070866139
 20
-3.8664241338582674
 30
0
 11
5.5779075590551184
 21
-3.8585526377952757
 31
0
  0
LINE
  5
FE
330
22
100
AcDbEntity
  8
F.Silkscreen
  6
CONTINUOUS
100
AcDbLine
 10
5.5779075590551184
 20
-3.8585526377952757
 30
0
 11
5.5751775984251966
 21
-3.8501506692913385
 31
0
  0
LINE
  5
FF
330
22
100
AcDbEntity
  8
F.Silkscreen
  6
CONTINUOUS
100
AcDbLine
 10
5.5751775984251966
 20
-3.8501506692913385
 30
0
 11
5.5737955905511809
 21
-3.8414250787401576
 31
0
  0
LINE
  5
100
330
22
100
AcDbEntity
  8
F.Silkscreen
  6
CONTINUOUS
100
AcDbLine
 10
5.5737955905511809
 20
-3.8414250787401576
 30
0
 11
5.5737955905511809
 21
-3.8329488582677165
 31
0
  0
LINE
  5
101
330
22
100
AcDbEntity
  8
F.Silkscreen
  6
CONTINUOUS
100
AcDbLine
 10
5.5737955905511809
 20
-3.8329488582677165
 30
0
 11
5.5737955905511809
 21
-3.8325906692913385
 31
0
  0
LINE
  5
102
330
22
100
AcDbEntity
  8
F.Silkscreen
  6
CONTINUOUS
100
AcDbLine
 10
5.5737955905511809
 20
-3.8325906692913385
 30
0
 11
5.5751775984251966
 21
-3.8238650787401576
 31
0
  0
LINE
  5
103
330
22
100
AcDbEntity
  8
F.Silkscreen
  6
CONTINUOUS
100
AcDbLine
 10
5.5751775984251966
 20
-3.8238650787401576
 30
0
 11
5.5779075590551184
 21
-3.8154631102362204
 31
0
  0
LINE
  5
104
330
22
100
AcDbEntity
  8
F.Silkscreen
  6
CONTINUOUS
100
AcDbLine
 10
5.5779075590551184
 20
-3.8154631102362204
 30
0
 11
5.5819183070866139
 21
-3.8075916141732282
 31
0
  0
LINE
  5
105
330
22
100
AcDbEntity
  8
F.Silkscreen
  6
CONTINUOUS
100
AcDbLine
 10
5.5819183070866139
 20
-3.8075916141732282
 30
0
 11
5.5871109842519679
 21
-3.8004444488188978
 31
0
  0
LINE
  5
106
330
22
100
AcDbEntity
  8
F.Silkscreen
  6
CONTINUOUS
100
AcDbLine
 10
5.5871109842519679
 20
-3.8004444488188978
 30
0
 11
5.5933578346456692
 21
-3.7941975984251965
 31
0
  0
LINE
  5
107
330
22
100
AcDbEntity
  8
F.Silkscreen
  6
CONTINUOUS
100
AcDbLine
 10
5.5933578346456692
 20
-3.7941975984251965
 30
0
 11
5.6005050000000001
 21
-3.7890049212598425
 31
0
  0
LINE
  5
108
330
22
100
AcDbEntity
  8
F.Silkscreen
  6
CONTINUOUS
100
AcDbLine
 10
5.6005050000000001
 20
-3.7890049212598425
 30
0
 11
5.6083764960629923
 21
-3.7849941732283465
 31
0
  0
LINE
  5
109
330
22
100
AcDbEntity
  8
F.Silkscreen
  6
CONTINUOUS
100
AcDbLine
 10
5.6083764960629923
 20
-3.7849941732283465
 30
0
 11
5.616778464566929
 21
-3.7822642125984252
 31
0
  0
LINE
  5
10A
330
22
100
AcDbEntity
  8
F.Silkscreen
  6
CONTINUOUS
100
AcDbLine
 10
5.616778464566929
 20
-3.7822642125984252
 30
0
 11
5.6255040551181104
 21
-3.7808822047244095
 31
0
  0
LINE
  5
10B
330
22
100
AcDbEntity
  8
F.Silkscreen
  6
CONTINUOUS
100
AcDbLine
 10
5.6255040551181104
 20
-3.7808822047244095
 30
0
 11
5.6343384645669294
 21
-3.7808822047244095
 31
0
  0
LINE
  5
10C
330
22
100
AcDbEntity
  8
F.Silkscreen
  6
CONTINUOUS
100
AcDbLine
 10
5.6343384645669294
 20
-3.7808822047244095
 30
0
 11
5.6430640551181099
 21
-3.7822642125984252
 31
0
  0
LINE
  5
10D
330
22
100
AcDbEntity
  8
F.Silkscreen
  6
CONTINUOUS
100
AcDbLine
 10
5.5783464566929135
 20
-3.8410668897637796
 30
0
 11
5.5796163779527559
 21
-3.8490850000000001
 31
0
  0
LINE
  5
10E
330
22
100
AcDbEntity
  8
F.Silkscreen
  6
CONTINUOUS
100
AcDbLine
 10
5.5796163779527559
 20
-3.8490850000000001
 30
0
 11
5.5821249999999996
 21
-3.8568057480314959
 31
0
  0
LINE
  5
10F
330
22
100
AcDbEntity
  8
F.Silkscreen
  6
CONTINUOUS
100
AcDbLine
 10
5.5821249999999996
 20
-3.8568057480314959
 30
0
 11
5.5858105118110233
 21
-3.8640389763779526
 31
0
  0
LINE
  5
110
330
22
100
AcDbEntity
  8
F.Silkscreen
  6
CONTINUOUS
100
AcDbLine
 10
5.5858105118110233
 20
-3.8640389763779526
 30
0
 11
5.5905822047244094
 21
-3.8706066141732283
 31
0
  0
LINE
  5
111
330
22
100
AcDbEntity
  8
F.Silkscreen
  6
CONTINUOUS
100
AcDbLine
 10
5.5905822047244094
 20
-3.8706066141732283
 30
0
 11
5.5963225196850388
 21
-3.8763469291338581
 31
0
  0
LINE
  5
112
330
22
100
AcDbEntity
  8
F.Silkscreen
  6
CONTINUOUS
100
AcDbLine
 10
5.5963225196850388
 20
-3.8763469291338581
 30
0
 11
5.6028901574803145
 21
-3.8811186220472442
 31
0
  0
LINE
  5
113
330
22
100
AcDbEntity
  8
F.Silkscreen
  6
CONTINUOUS
100
AcDbLine
 10
5.6028901574803145
 20
-3.8811186220472442
 30
0
 11
5.6101233858267712
 21
-3.8848041338582675
 31
0
  0
LINE
  5
114
330
22
100
AcDbEntity
  8
F.Silkscreen
  6
CONTINUOUS
100
AcDbLine
 10
5.6101233858267712
 20
-3.8848041338582675
 30
0
 11
5.6178441338582674
 21
-3.8873127559055116
 31
0
  0
LINE
  5
115
330
22
100
AcDbEntity
  8
F.Silkscreen
  6
CONTINUOUS
100
AcDbLine
 10
5.6178441338582674
 20
-3.8873127559055116
 30
0
 11
5.6258622440944883
 21
-3.8885826771653544
 31
0
  0
LINE
  5
116
330
22
100
AcDbEntity
  8
F.Silkscreen
  6
CONTINUOUS
100
AcDbLine
 10
5.6258622440944883
 20
-3.8885826771653544
 30
0
 11
5.6339802755905515
 21
-3.8885826771653544
 31
0
  0
LINE
  5
117
330
22
100
AcDbEntity
  8
F.Silkscreen
  6
CONTINUOUS
100
AcDbLine
 10
5.6339802755905515
 20
-3.8885826771653544
 30
0
 11
5.6419983858267715
 21
-3.8873127559055116
 31
0
  0
LINE
  5
118
330
22
100
AcDbEntity
  8
F.Silkscreen
  6
CONTINUOUS
100
AcDbLine
 10
5.6419983858267715
 20
-3.8873127559055116
 30
0
 11
5.6497191338582677
 21
-3.8848041338582675
 31
0
  0
LINE
  5
119
330
22
100
AcDbEntity
  8
F.Silkscreen
  6
CONTINUOUS
100
AcDbLine
 10
5.6497191338582677
 20
-3.8848041338582675
 30
0
 11
5.6569523622047244
 21
-3.8811186220472442
 31
0
  0
LINE
  5
11A
330
22
100
AcDbEntity
  8
F.Silkscreen
  6
CONTINUOUS
100
AcDbLine
 10
5.6569523622047244
 20
-3.8811186220472442
 30
0
 11
5.6635200000000001
 21
-3.8763469291338581
 31
0
  0
LINE
  5
11B
330
22
100
AcDbEntity
  8
F.Silkscreen
  6
CONTINUOUS
100
AcDbLine
 10
5.6635200000000001
 20
-3.8763469291338581
 30
0
 11
5.6692603149606295
 21
-3.8706066141732283
 31
0
  0
LINE
  5
11C
330
22
100
AcDbEntity
  8
F.Silkscreen
  6
CONTINUOUS
100
AcDbLine
 10
5.6692603149606295
 20
-3.8706066141732283
 30
0
 11
5.6740320078740156
 21
-3.8640389763779526
 31
0
  0
LINE
  5
11D
330
22
100
AcDbEntity
  8
F.Silkscreen
  6
CONTINUOUS
100
AcDbLine
 10
5.6740320078740156
 20
-3.8640389763779526
 30
0
 11
5.6777175196850393
 21
-3.8568057480314959
 31
0
  0
LINE
  5
11E
330
22
100
AcDbEntity
  8
F.Silkscreen
  6
CONTINUOUS
100
AcDbLine
 10
5.6777175196850393
 20
-3.8568057480314959
 30
0
 11
5.680226141732283
 21
-3.8490850000000001
 31
0
  0
LINE
  5
11F
330
22
100
AcDbEntity
  8
F.Silkscreen
  6
CONTINUOUS
100
AcDbLine
 10
5.680226141732283
 20
-3.8490850000000001
 30
0
 11
5.6814960629921263
 21
-3.8410668897637796
 31
0
  0
LINE
  5
120
330
22
100
AcDbEntity
  8
F.Silkscreen
  6
CONTINUOUS
100
AcDbLine
 10
5.6814960629921263
 20
-3.8410668897637796
 30
0
 11
5.6814960629921263
 21
-3.8329488582677165
 31
0
  0
LINE
  5
121
330
22
100
AcDbEntity
  8
F.Silkscreen
  6
CONTINUOUS
100
AcDbLine
 10
5.6814960629921263
 20
-3.8329488582677165
 30
0
 11
5.680226141732283
 21
-3.824930748031496
 31
0
  0
LINE
  5
122
330
22
100
AcDbEntity
  8
F.Silkscreen
  6
CONTINUOUS
100
AcDbLine
 10
5.680226141732283
 20
-3.824930748031496
 30
0
 11
5.6777175196850393
 21
-3.8172099999999998
 31
0
  0
LINE
  5
123
330
22
100
AcDbEntity
  8
F.Silkscreen
  6
CONTINUOUS
100
AcDbLine
 10
5.6777175196850393
 20
-3.8172099999999998
 30
0
 11
5.6740320078740156
 21
-3.8099767716535431
 31
0
  0
LINE
  5
124
330
22
100
AcDbEntity
  8
F.Silkscreen
  6
CONTINUOUS
100
AcDbLine
 10
5.6740320078740156
 20
-3.8099767716535431
 30
0
 11
5.6692603149606295
 21
-3.8034091338582678
 31
0
  0
LINE
  5
125
330
22
100
AcDbEntity
  8
F.Silkscreen
  6
CONTINUOUS
100
AcDbLine
 10
5.6692603149606295
 20
-3.8034091338582678
 30
0
 11
5.6635200000000001
 21
-3.7976688188976375
 31
0
  0
LINE
  5
126
330
22
100
AcDbEntity
  8
F.Silkscreen
  6
CONTINUOUS
100
AcDbLine
 10
5.6635200000000001
 20
-3.7976688188976375
 30
0
 11
5.6569523622047244
 21
-3.7928971259842519
 31
0
  0
LINE
  5
127
330
22
100
AcDbEntity
  8
F.Silkscreen
  6
CONTINUOUS
100
AcDbLine
 10
5.6569523622047244
 20
-3.7928971259842519
 30
0
 11
5.6497191338582677
 21
-3.7892116141732282
 31
0
  0
LINE
  5
128
330
22
100
AcDbEntity
  8
F.Silkscreen
  6
CONTINUOUS
100
AcDbLine
 10
5.6497191338582677
 20
-3.7892116141732282
 30
0
 11
5.6419983858267715
 21
-3.786702992125984
 31
0
  0
LINE
  5
129
330
22
100
AcDbEntity
  8
F.Silkscreen
  6
CONTINUOUS
100
AcDbLine
 10
5.6419983858267715
 20
-3.786702992125984
 30
0
 11
5.6339802755905515
 21
-3.7854330708661417
 31
0
  0
LINE
  5
12A
330
22
100
AcDbEntity
  8
F.Silkscreen
  6
CONTINUOUS
100
AcDbLine
 10
5.6339802755905515
 20
-3.7854330708661417
 30
0
 11
5.6258622440944883
 21
-3.7854330708661417
 31
0
  0
LINE
  5
12B
330
22
100
AcDbEntity
  8
F.Silkscreen
  6
CONTINUOUS
100
AcDbLine
 10
5.6258622440944883
 20
-3.7854330708661417
 30
0
 11
5.6178441338582674
 21
-3.786702992125984
 31
0
  0
LINE
  5
12C
330
22
100
AcDbEntity
  8
F.Silkscreen
  6
CONTINUOUS
100
AcDbLine
 10
5.6178441338582674
 20
-3.786702992125984
 30
0
 11
5.6101233858267712
 21
-3.7892116141732282
 31
0
  0
LINE
  5
12D
330
22
100
AcDbEntity
  8
F.Silkscreen
  6
CONTINUOUS
100
AcDbLine
 10
5.6101233858267712
 20
-3.7892116141732282
 30
0
 11
5.6028901574803145
 21
-3.7928971259842519
 31
0
  0
LINE
  5
12E
330
22
100
AcDbEntity
  8
F.Silkscreen
  6
CONTINUOUS
100
AcDbLine
 10
5.6028901574803145
 20
-3.7928971259842519
 30
0
 11
5.5963225196850388
 21
-3.7976688188976375
 31
0
  0
LINE
  5
12F
330
22
100
AcDbEntity
  8
F.Silkscreen
  6
CONTINUOUS
100
AcDbLine
 10
5.5963225196850388
 20
-3.7976688188976375
 30
0
 11
5.5905822047244094
 21
-3.8034091338582678
 31
0
  0
LINE
  5
130
330
22
100
AcDbEntity
  8
F.Silkscreen
  6
CONTINUOUS
100
AcDbLine
 10
5.5905822047244094
 20
-3.8034091338582678
 30
0
 11
5.5858105118110233
 21
-3.8099767716535431
 31
0
  0
LINE
  5
131
330
22
100
AcDbEntity
  8
F.Silkscreen
  6
CONTINUOUS
100
AcDbLine
 10
5.5858105118110233
 20
-3.8099767716535431
 30
0
 11
5.5821249999999996
 21
-3.8172099999999998
 31
0
  0
LINE
  5
132
330
22
100
AcDbEntity
  8
F.Silkscreen
  6
CONTINUOUS
100
AcDbLine
 10
5.5821249999999996
 20
-3.8172099999999998
 30
0
 11
5.5796163779527559
 21
-3.824930748031496
 31
0
  0
LINE
  5
133
330
22
100
AcDbEntity
  8
F.Silkscreen
  6
CONTINUOUS
100
AcDbLine
 10
5.5796163779527559
 20
-3.824930748031496
 30
0
 11
5.5783464566929135
 21
-3.8329488582677165
 31
0
  0
LINE
  5
134
330
22
100
AcDbEntity
  8
F.Silkscreen
  6
CONTINUOUS
100
AcDbLine
 10
5.5783464566929135
 20
-3.8329488582677165
 30
0
 11
5.5783464566929135
 21
-3.8410668897637796
 31
0
  0
LINE
  5
135
330
22
100
AcDbEntity
  8
F.Silkscreen
  6
CONTINUOUS
100
AcDbLine
 10
6.1745601181102359
 20
-3.7820673622047245
 30
0
 11
6.1829620866141735
 21
-3.7847973228346454
 31
0
  0
LINE
  5
136
330
22
100
AcDbEntity
  8
F.Silkscreen
  6
CONTINUOUS
100
AcDbLine
 10
6.1829620866141735
 20
-3.7847973228346454
 30
0
 11
6.1908335826771648
 21
-3.7888080708661418
 31
0
  0
LINE
  5
137
330
22
100
AcDbEntity
  8
F.Silkscreen
  6
CONTINUOUS
100
AcDbLine
 10
6.1908335826771648
 20
-3.7888080708661418
 30
0
 11
6.1979807480314957
 21
-3.7940007480314959
 31
0
  0
LINE
  5
138
330
22
100
AcDbEntity
  8
F.Silkscreen
  6
CONTINUOUS
100
AcDbLine
 10
6.1979807480314957
 20
-3.7940007480314959
 30
0
 11
6.2042275984251969
 21
-3.8002475984251967
 31
0
  0
LINE
  5
139
330
22
100
AcDbEntity
  8
F.Silkscreen
  6
CONTINUOUS
100
AcDbLine
 10
6.2042275984251969
 20
-3.8002475984251967
 30
0
 11
6.209420275590551
 21
-3.8073947637795276
 31
0
  0
LINE
  5
13A
330
22
100
AcDbEntity
  8
F.Silkscreen
  6
CONTINUOUS
100
AcDbLine
 10
6.209420275590551
 20
-3.8073947637795276
 30
0
 11
6.2134310236220474
 21
-3.8152662598425198
 31
0
  0
LINE
  5
13B
330
22
100
AcDbEntity
  8
F.Silkscreen
  6
CONTINUOUS
100
AcDbLine
 10
6.2134310236220474
 20
-3.8152662598425198
 30
0
 11
6.2161609842519683
 21
-3.8236682283464565
 31
0
  0
LINE
  5
13C
330
22
100
AcDbEntity
  8
F.Silkscreen
  6
CONTINUOUS
100
AcDbLine
 10
6.2161609842519683
 20
-3.8236682283464565
 30
0
 11
6.2175429921259839
 21
-3.8323938188976379
 31
0
  0
LINE
  5
13D
330
22
100
AcDbEntity
  8
F.Silkscreen
  6
CONTINUOUS
100
AcDbLine
 10
6.2175429921259839
 20
-3.8323938188976379
 30
0
 11
6.2175429921259839
 21
-3.8412282283464565
 31
0
  0
LINE
  5
13E
330
22
100
AcDbEntity
  8
F.Silkscreen
  6
CONTINUOUS
100
AcDbLine
 10
6.2175429921259839
 20
-3.8412282283464565
 30
0
 11
6.2161609842519683
 21
-3.8499538188976379
 31
0
  0
LINE
  5
13F
330
22
100
AcDbEntity
  8
F.Silkscreen
  6
CONTINUOUS
100
AcDbLine
 10
6.2161609842519683
 20
-3.8499538188976379
 30
0
 11
6.2134310236220474
 21
-3.8583557874015746
 31
0
  0
LINE
  5
140
330
22
100
AcDbEntity
  8
F.Silkscreen
  6
CONTINUOUS
100
AcDbLine
 10
6.2134310236220474
 20
-3.8583557874015746
 30
0
 11
6.209420275590551
 21
-3.8662272834645668
 31
0
  0
LINE
  5
141
330
22
100
AcDbEntity
  8
F.Silkscreen
  6
CONTINUOUS
100
AcDbLine
 10
6.209420275590551
 20
-3.8662272834645668
 30
0
 11
6.2042275984251969
 21
-3.8733744488188977
 31
0
  0
LINE
  5
142
330
22
100
AcDbEntity
  8
F.Silkscreen
  6
CONTINUOUS
100
AcDbLine
 10
6.2042275984251969
 20
-3.8733744488188977
 30
0
 11
6.1979807480314957
 21
-3.8796212992125985
 31
0
  0
LINE
  5
143
330
22
100
AcDbEntity
  8
F.Silkscreen
  6
CONTINUOUS
100
AcDbLine
 10
6.1979807480314957
 20
-3.8796212992125985
 30
0
 11
6.1908335826771648
 21
-3.8848139763779526
 31
0
  0
LINE
  5
144
330
22
100
AcDbEntity
  8
F.Silkscreen
  6
CONTINUOUS
100
AcDbLine
 10
6.1908335826771648
 20
-3.8848139763779526
 30
0
 11
6.1829620866141735
 21
-3.8888247244094489
 31
0
  0
LINE
  5
145
330
22
100
AcDbEntity
  8
F.Silkscreen
  6
CONTINUOUS
100
AcDbLine
 10
6.1829620866141735
 20
-3.8888247244094489
 30
0
 11
6.1745601181102359
 21
-3.8915546850393699
 31
0
  0
LINE
  5
146
330
22
100
AcDbEntity
  8
F.Silkscreen
  6
CONTINUOUS
100
AcDbLine
 10
6.1745601181102359
 20
-3.8915546850393699
 30
0
 11
6.1658345275590554
 21
-3.892936692913386
 31
0
  0
LINE
  5
147
330
22
100
AcDbEntity
  8
F.Silkscreen
  6
CONTINUOUS
100
AcDbLine
 10
6.1658345275590554
 20
-3.892936692913386
 30
0
 11
6.163779527559055
 21
-3.892936692913386
 31
0
  0
LINE
  5
148
330
22
100
AcDbEntity
  8
F.Silkscreen
  6
CONTINUOUS
100
AcDbLine
 10
6.163779527559055
 20
-3.892936692913386
 30
0
 11
6.163779527559055
 21
-3.8935039370078739
 31
0
  0
LINE
  5
149
330
22
100
AcDbEntity
  8
F.Silkscreen
  6
CONTINUOUS
100
AcDbLine
 10
6.163779527559055
 20
-3.8935039370078739
 30
0
 11
6.1635997244094485
 21
-3.8944079133858267
 31
0
  0
LINE
  5
14A
330
22
100
AcDbEntity
  8
F.Silkscreen
  6
CONTINUOUS
100
AcDbLine
 10
6.1635997244094485
 20
-3.8944079133858267
 30
0
 11
6.1623212992125982
 21
-3.895686338582677
 31
0
  0
LINE
  5
14B
330
22
100
AcDbEntity
  8
F.Silkscreen
  6
CONTINUOUS
100
AcDbLine
 10
6.1623212992125982
 20
-3.895686338582677
 30
0
 11
6.1605133464566926
 21
-3.895686338582677
 31
0
  0
LINE
  5
14C
330
22
100
AcDbEntity
  8
F.Silkscreen
  6
CONTINUOUS
100
AcDbLine
 10
6.1605133464566926
 20
-3.895686338582677
 30
0
 11
6.1592349212598423
 21
-3.8944079133858267
 31
0
  0
LINE
  5
14D
330
22
100
AcDbEntity
  8
F.Silkscreen
  6
CONTINUOUS
100
AcDbLine
 10
6.1592349212598423
 20
-3.8944079133858267
 30
0
 11
6.1590551181102358
 21
-3.8935039370078739
 31
0
  0
LINE
  5
14E
330
22
100
AcDbEntity
  8
F.Silkscreen
  6
CONTINUOUS
100
AcDbLine
 10
6.1590551181102358
 20
-3.8935039370078739
 30
0
 11
6.1590551181102358
 21
-3.892936692913386
 31
0
  0
LINE
  5
14F
330
22
100
AcDbEntity
  8
F.Silkscreen
  6
CONTINUOUS
100
AcDbLine
 10
6.1590551181102358
 20
-3.892936692913386
 30
0
 11
6.1570001181102363
 21
-3.892936692913386
 31
0
  0
LINE
  5
150
330
22
100
AcDbEntity
  8
F.Silkscreen
  6
CONTINUOUS
100
AcDbLine
 10
6.1570001181102363
 20
-3.892936692913386
 30
0
 11
6.1482745275590549
 21
-3.8915546850393699
 31
0
  0
LINE
  5
151
330
22
100
AcDbEntity
  8
F.Silkscreen
  6
CONTINUOUS
100
AcDbLine
 10
6.1482745275590549
 20
-3.8915546850393699
 30
0
 11
6.1398725590551182
 21
-3.8888247244094489
 31
0
  0
LINE
  5
152
330
22
100
AcDbEntity
  8
F.Silkscreen
  6
CONTINUOUS
100
AcDbLine
 10
6.1398725590551182
 20
-3.8888247244094489
 30
0
 11
6.132001062992126
 21
-3.8848139763779526
 31
0
  0
LINE
  5
153
330
22
100
AcDbEntity
  8
F.Silkscreen
  6
CONTINUOUS
100
AcDbLine
 10
6.132001062992126
 20
-3.8848139763779526
 30
0
 11
6.1248538976377951
 21
-3.8796212992125985
 31
0
  0
LINE
  5
154
330
22
100
AcDbEntity
  8
F.Silkscreen
  6
CONTINUOUS
100
AcDbLine
 10
6.1248538976377951
 20
-3.8796212992125985
 30
0
 11
6.1186070472440948
 21
-3.8733744488188977
 31
0
  0
LINE
  5
155
330
22
100
AcDbEntity
  8
F.Silkscreen
  6
CONTINUOUS
100
AcDbLine
 10
6.1186070472440948
 20
-3.8733744488188977
 30
0
 11
6.1134143700787398
 21
-3.8662272834645668
 31
0
  0
LINE
  5
156
330
22
100
AcDbEntity
  8
F.Silkscreen
  6
CONTINUOUS
100
AcDbLine
 10
6.1134143700787398
 20
-3.8662272834645668
 30
0
 11
6.1094036220472443
 21
-3.8583557874015746
 31
0
  0
LINE
  5
157
330
22
100
AcDbEntity
  8
F.Silkscreen
  6
CONTINUOUS
100
AcDbLine
 10
6.1094036220472443
 20
-3.8583557874015746
 30
0
 11
6.1066736614173225
 21
-3.8499538188976379
 31
0
  0
LINE
  5
158
330
22
100
AcDbEntity
  8
F.Silkscreen
  6
CONTINUOUS
100
AcDbLine
 10
6.1066736614173225
 20
-3.8499538188976379
 30
0
 11
6.1052916535433068
 21
-3.8412282283464565
 31
0
  0
LINE
  5
159
330
22
100
AcDbEntity
  8
F.Silkscreen
  6
CONTINUOUS
100
AcDbLine
 10
6.1052916535433068
 20
-3.8412282283464565
 30
0
 11
6.1052916535433068
 21
-3.8327520078740158
 31
0
  0
LINE
  5
15A
330
22
100
AcDbEntity
  8
F.Silkscreen
  6
CONTINUOUS
100
AcDbLine
 10
6.1052916535433068
 20
-3.8327520078740158
 30
0
 11
6.1052916535433068
 21
-3.8323938188976379
 31
0
  0
LINE
  5
15B
330
22
100
AcDbEntity
  8
F.Silkscreen
  6
CONTINUOUS
100
AcDbLine
 10
6.1052916535433068
 20
-3.8323938188976379
 30
0
 11
6.1066736614173225
 21
-3.8236682283464565
 31
0
  0
LINE
  5
15C
330
22
100
AcDbEntity
  8
F.Silkscreen
  6
CONTINUOUS
100
AcDbLine
 10
6.1066736614173225
 20
-3.8236682283464565
 30
0
 11
6.1094036220472443
 21
-3.8152662598425198
 31
0
  0
LINE
  5
15D
330
22
100
AcDbEntity
  8
F.Silkscreen
  6
CONTINUOUS
100
AcDbLine
 10
6.1094036220472443
 20
-3.8152662598425198
 30
0
 11
6.1134143700787398
 21
-3.8073947637795276
 31
0
  0
LINE
  5
15E
330
22
100
AcDbEntity
  8
F.Silkscreen
  6
CONTINUOUS
100
AcDbLine
 10
6.1134143700787398
 20
-3.8073947637795276
 30
0
 11
6.1186070472440948
 21
-3.8002475984251967
 31
0
  0
LINE
  5
15F
330
22
100
AcDbEntity
  8
F.Silkscreen
  6
CONTINUOUS
100
AcDbLine
 10
6.1186070472440948
 20
-3.8002475984251967
 30
0
 11
6.1248538976377951
 21
-3.7940007480314959
 31
0
  0
LINE
  5
160
330
22
100
AcDbEntity
  8
F.Silkscreen
  6
CONTINUOUS
100
AcDbLine
 10
6.1248538976377951
 20
-3.7940007480314959
 30
0
 11
6.132001062992126
 21
-3.7888080708661418
 31
0
  0
LINE
  5
161
330
22
100
AcDbEntity
  8
F.Silkscreen
  6
CONTINUOUS
100
AcDbLine
 10
6.132001062992126
 20
-3.7888080708661418
 30
0
 11
6.1398725590551182
 21
-3.7847973228346454
 31
0
  0
LINE
  5
162
330
22
100
AcDbEntity
  8
F.Silkscreen
  6
CONTINUOUS
100
AcDbLine
 10
6.1398725590551182
 20
-3.7847973228346454
 30
0
 11
6.1482745275590549
 21
-3.7820673622047245
 31
0
  0
LINE
  5
163
330
22
100
AcDbEntity
  8
F.Silkscreen
  6
CONTINUOUS
100
AcDbLine
 10
6.1482745275590549
 20
-3.7820673622047245
 30
0
 11
6.1570001181102363
 21
-3.7806853543307084
 31
0
  0
LINE
  5
164
330
22
100
AcDbEntity
  8
F.Silkscreen
  6
CONTINUOUS
100
AcDbLine
 10
6.1570001181102363
 20
-3.7806853543307084
 30
0
 11
6.1658345275590554
 21
-3.7806853543307084
 31
0
  0
LINE
  5
165
330
22
100
AcDbEntity
  8
F.Silkscreen
  6
CONTINUOUS
100
AcDbLine
 10
6.1658345275590554
 20
-3.7806853543307084
 30
0
 11
6.1745601181102359
 21
-3.7820673622047245
 31
0
  0
LINE
  5
166
330
22
100
AcDbEntity
  8
F.Silkscreen
  6
CONTINUOUS
100
AcDbLine
 10
6.1098425196850394
 20
-3.8408700393700785
 30
0
 11
6.1111124409448818
 21
-3.848888149606299
 31
0
  0
LINE
  5
167
330
22
100
AcDbEntity
  8
F.Silkscreen
  6
CONTINUOUS
100
AcDbLine
 10
6.1111124409448818
 20
-3.848888149606299
 30
0
 11
6.1136210629921255
 21
-3.8566088976377952
 31
0
  0
LINE
  5
168
330
22
100
AcDbEntity
  8
F.Silkscreen
  6
CONTINUOUS
100
AcDbLine
 10
6.1136210629921255
 20
-3.8566088976377952
 30
0
 11
6.1173065748031492
 21
-3.8638421259842519
 31
0
  0
LINE
  5
169
330
22
100
AcDbEntity
  8
F.Silkscreen
  6
CONTINUOUS
100
AcDbLine
 10
6.1173065748031492
 20
-3.8638421259842519
 30
0
 11
6.1220782677165353
 21
-3.8704097637795276
 31
0
  0
LINE
  5
16A
330
22
100
AcDbEntity
  8
F.Silkscreen
  6
CONTINUOUS
100
AcDbLine
 10
6.1220782677165353
 20
-3.8704097637795276
 30
0
 11
6.1278185826771656
 21
-3.8761500787401575
 31
0
  0
LINE
  5
16B
330
22
100
AcDbEntity
  8
F.Silkscreen
  6
CONTINUOUS
100
AcDbLine
 10
6.1278185826771656
 20
-3.8761500787401575
 30
0
 11
6.1343862204724404
 21
-3.8809217716535431
 31
0
  0
LINE
  5
16C
330
22
100
AcDbEntity
  8
F.Silkscreen
  6
CONTINUOUS
100
AcDbLine
 10
6.1343862204724404
 20
-3.8809217716535431
 30
0
 11
6.1416194488188971
 21
-3.8846072834645669
 31
0
  0
LINE
  5
16D
330
22
100
AcDbEntity
  8
F.Silkscreen
  6
CONTINUOUS
100
AcDbLine
 10
6.1416194488188971
 20
-3.8846072834645669
 30
0
 11
6.1493401968503933
 21
-3.887115905511811
 31
0
  0
LINE
  5
16E
330
22
100
AcDbEntity
  8
F.Silkscreen
  6
CONTINUOUS
100
AcDbLine
 10
6.1493401968503933
 20
-3.887115905511811
 30
0
 11
6.1573583070866142
 21
-3.8883858267716533
 31
0
  0
LINE
  5
16F
330
22
100
AcDbEntity
  8
F.Silkscreen
  6
CONTINUOUS
100
AcDbLine
 10
6.1573583070866142
 20
-3.8883858267716533
 30
0
 11
6.1654763385826774
 21
-3.8883858267716533
 31
0
  0
LINE
  5
170
330
22
100
AcDbEntity
  8
F.Silkscreen
  6
CONTINUOUS
100
AcDbLine
 10
6.1654763385826774
 20
-3.8883858267716533
 30
0
 11
6.1734944488188974
 21
-3.887115905511811
 31
0
  0
LINE
  5
171
330
22
100
AcDbEntity
  8
F.Silkscreen
  6
CONTINUOUS
100
AcDbLine
 10
6.1734944488188974
 20
-3.887115905511811
 30
0
 11
6.1812151968503937
 21
-3.8846072834645669
 31
0
  0
LINE
  5
172
330
22
100
AcDbEntity
  8
F.Silkscreen
  6
CONTINUOUS
100
AcDbLine
 10
6.1812151968503937
 20
-3.8846072834645669
 30
0
 11
6.1884484251968503
 21
-3.8809217716535431
 31
0
  0
LINE
  5
173
330
22
100
AcDbEntity
  8
F.Silkscreen
  6
CONTINUOUS
100
AcDbLine
 10
6.1884484251968503
 20
-3.8809217716535431
 30
0
 11
6.195016062992126
 21
-3.8761500787401575
 31
0
  0
LINE
  5
174
330
22
100
AcDbEntity
  8
F.Silkscreen
  6
CONTINUOUS
100
AcDbLine
 10
6.195016062992126
 20
-3.8761500787401575
 30
0
 11
6.2007563779527555
 21
-3.8704097637795276
 31
0
  0
LINE
  5
175
330
22
100
AcDbEntity
  8
F.Silkscreen
  6
CONTINUOUS
100
AcDbLine
 10
6.2007563779527555
 20
-3.8704097637795276
 30
0
 11
6.2055280708661416
 21
-3.8638421259842519
 31
0
  0
LINE
  5
176
330
22
100
AcDbEntity
  8
F.Silkscreen
  6
CONTINUOUS
100
AcDbLine
 10
6.2055280708661416
 20
-3.8638421259842519
 30
0
 11
6.2092135826771653
 21
-3.8566088976377952
 31
0
  0
LINE
  5
177
330
22
100
AcDbEntity
  8
F.Silkscreen
  6
CONTINUOUS
100
AcDbLine
 10
6.2092135826771653
 20
-3.8566088976377952
 30
0
 11
6.2117222047244089
 21
-3.848888149606299
 31
0
  0
LINE
  5
178
330
22
100
AcDbEntity
  8
F.Silkscreen
  6
CONTINUOUS
100
AcDbLine
 10
6.2117222047244089
 20
-3.848888149606299
 30
0
 11
6.2129921259842522
 21
-3.8408700393700785
 31
0
  0
LINE
  5
179
330
22
100
AcDbEntity
  8
F.Silkscreen
  6
CONTINUOUS
100
AcDbLine
 10
6.2129921259842522
 20
-3.8408700393700785
 30
0
 11
6.2129921259842522
 21
-3.8327520078740158
 31
0
  0
LINE
  5
17A
330
22
100
AcDbEntity
  8
F.Silkscreen
  6
CONTINUOUS
100
AcDbLine
 10
6.2129921259842522
 20
-3.8327520078740158
 30
0
 11
6.2117222047244089
 21
-3.8247338976377954
 31
0
  0
LINE
  5
17B
330
22
100
AcDbEntity
  8
F.Silkscreen
  6
CONTINUOUS
100
AcDbLine
 10
6.2117222047244089
 20
-3.8247338976377954
 30
0
 11
6.2092135826771653
 21
-3.8170131496062991
 31
0
  0
LINE
  5
17C
330
22
100
AcDbEntity
  8
F.Silkscreen
  6
CONTINUOUS
100
AcDbLine
 10
6.2092135826771653
 20
-3.8170131496062991
 30
0
 11
6.2055280708661416
 21
-3.8097799212598424
 31
0
  0
LINE
  5
17D
330
22
100
AcDbEntity
  8
F.Silkscreen
  6
CONTINUOUS
100
AcDbLine
 10
6.2055280708661416
 20
-3.8097799212598424
 30
0
 11
6.2007563779527555
 21
-3.8032122834645667
 31
0
  0
LINE
  5
17E
330
22
100
AcDbEntity
  8
F.Silkscreen
  6
CONTINUOUS
100
AcDbLine
 10
6.2007563779527555
 20
-3.8032122834645667
 30
0
 11
6.195016062992126
 21
-3.7974719685039369
 31
0
  0
LINE
  5
17F
330
22
100
AcDbEntity
  8
F.Silkscreen
  6
CONTINUOUS
100
AcDbLine
 10
6.195016062992126
 20
-3.7974719685039369
 30
0
 11
6.1884484251968503
 21
-3.7927002755905512
 31
0
  0
LINE
  5
180
330
22
100
AcDbEntity
  8
F.Silkscreen
  6
CONTINUOUS
100
AcDbLine
 10
6.1884484251968503
 20
-3.7927002755905512
 30
0
 11
6.1812151968503937
 21
-3.7890147637795275
 31
0
  0
LINE
  5
181
330
22
100
AcDbEntity
  8
F.Silkscreen
  6
CONTINUOUS
100
AcDbLine
 10
6.1812151968503937
 20
-3.7890147637795275
 30
0
 11
6.1734944488188974
 21
-3.7865061417322834
 31
0
  0
LINE
  5
182
330
22
100
AcDbEntity
  8
F.Silkscreen
  6
CONTINUOUS
100
AcDbLine
 10
6.1734944488188974
 20
-3.7865061417322834
 30
0
 11
6.1654763385826774
 21
-3.785236220472441
 31
0
  0
LINE
  5
183
330
22
100
AcDbEntity
  8
F.Silkscreen
  6
CONTINUOUS
100
AcDbLine
 10
6.1654763385826774
 20
-3.785236220472441
 30
0
 11
6.1573583070866142
 21
-3.785236220472441
 31
0
  0
LINE
  5
184
330
22
100
AcDbEntity
  8
F.Silkscreen
  6
CONTINUOUS
100
AcDbLine
 10
6.1573583070866142
 20
-3.785236220472441
 30
0
 11
6.1493401968503933
 21
-3.7865061417322834
 31
0
  0
LINE
  5
185
330
22
100
AcDbEntity
  8
F.Silkscreen
  6
CONTINUOUS
100
AcDbLine
 10
6.1493401968503933
 20
-3.7865061417322834
 30
0
 11
6.1416194488188971
 21
-3.7890147637795275
 31
0
  0
LINE
  5
186
330
22
100
AcDbEntity
  8
F.Silkscreen
  6
CONTINUOUS
100
AcDbLine
 10
6.1416194488188971
 20
-3.7890147637795275
 30
0
 11
6.1343862204724404
 21
-3.7927002755905512
 31
0
  0
LINE
  5
187
330
22
100
AcDbEntity
  8
F.Silkscreen
  6
CONTINUOUS
100
AcDbLine
 10
6.1343862204724404
 20
-3.7927002755905512
 30
0
 11
6.1278185826771656
 21
-3.7974719685039369
 31
0
  0
LINE
  5
188
330
22
100
AcDbEntity
  8
F.Silkscreen
  6
CONTINUOUS
100
AcDbLine
 10
6.1278185826771656
 20
-3.7974719685039369
 30
0
 11
6.1220782677165353
 21
-3.8032122834645667
 31
0
  0
LINE
  5
189
330
22
100
AcDbEntity
  8
F.Silkscreen
  6
CONTINUOUS
100
AcDbLine
 10
6.1220782677165353
 20
-3.8032122834645667
 30
0
 11
6.1173065748031492
 21
-3.8097799212598424
 31
0
  0
LINE
  5
18A
330
22
100
AcDbEntity
  8
F.Silkscreen
  6
CONTINUOUS
100
AcDbLine
 10
6.1173065748031492
 20
-3.8097799212598424
 30
0
 11
6.1136210629921255
 21
-3.8170131496062991
 31
0
  0
LINE
  5
18B
330
22
100
AcDbEntity
  8
F.Silkscreen
  6
CONTINUOUS
100
AcDbLine
 10
6.1136210629921255
 20
-3.8170131496062991
 30
0
 11
6.1111124409448818
 21
-3.8247338976377954
 31
0
  0
LINE
  5
18C
330
22
100
AcDbEntity
  8
F.Silkscreen
  6
CONTINUOUS
100
AcDbLine
 10
6.1111124409448818
 20
-3.8247338976377954
 30
0
 11
6.1098425196850394
 21
-3.8327520078740158
 31
0
  0
LINE
  5
18D
330
22
100
AcDbEntity
  8
F.Silkscreen
  6
CONTINUOUS
100
AcDbLine
 10
6.1098425196850394
 20
-3.8327520078740158
 30
0
 11
6.1098425196850394
 21
-3.8408700393700785
 31
0
  0
LINE
  5
18E
330
22
100
AcDbEntity
  8
F.Silkscreen
  6
CONTINUOUS
100
AcDbLine
 10
6.2448007086614172
 20
-3.8529533070866142
 30
0
 11
6.2448784645669289
 21
-3.8529477952755906
 31
0
  0
LINE
  5
18F
330
22
100
AcDbEntity
  8
F.Silkscreen
  6
CONTINUOUS
100
AcDbLine
 10
6.2448784645669289
 20
-3.8529477952755906
 30
0
 11
6.2449807086614175
 21
-3.8529710236220471
 31
0
  0
LINE
  5
190
330
22
100
AcDbEntity
  8
F.Silkscreen
  6
CONTINUOUS
100
AcDbLine
 10
6.2449807086614175
 20
-3.8529710236220471
 30
0
 11
6.2450852362204721
 21
-3.8529813385826772
 31
0
  0
LINE
  5
191
330
22
100
AcDbEntity
  8
F.Silkscreen
  6
CONTINUOUS
100
AcDbLine
 10
6.2450852362204721
 20
-3.8529813385826772
 30
0
 11
6.2451573228346451
 21
-3.853011181102362
 31
0
  0
LINE
  5
192
330
22
100
AcDbEntity
  8
F.Silkscreen
  6
CONTINUOUS
100
AcDbLine
 10
6.2451573228346451
 20
-3.853011181102362
 30
0
 11
6.2454429133858262
 21
-3.8530761417322834
 31
0
  0
LINE
  5
193
330
22
100
AcDbEntity
  8
F.Silkscreen
  6
CONTINUOUS
100
AcDbLine
 10
6.2454429133858262
 20
-3.8530761417322834
 30
0
 11
6.2510672047244089
 21
-3.854950905511811
 31
0
  0
LINE
  5
194
330
22
100
AcDbEntity
  8
F.Silkscreen
  6
CONTINUOUS
100
AcDbLine
 10
6.2510672047244089
 20
-3.854950905511811
 30
0
 11
6.2515957480314963
 21
-3.8551868897637793
 31
0
  0
LINE
  5
195
330
22
100
AcDbEntity
  8
F.Silkscreen
  6
CONTINUOUS
100
AcDbLine
 10
6.2515957480314963
 20
-3.8551868897637793
 30
0
 11
6.2516758661417322
 21
-3.855256377952756
 31
0
  0
LINE
  5
196
330
22
100
AcDbEntity
  8
F.Silkscreen
  6
CONTINUOUS
100
AcDbLine
 10
6.2516758661417322
 20
-3.855256377952756
 30
0
 11
6.251773937007874
 21
-3.8552970078740159
 31
0
  0
LINE
  5
197
330
22
100
AcDbEntity
  8
F.Silkscreen
  6
CONTINUOUS
100
AcDbLine
 10
6.251773937007874
 20
-3.8552970078740159
 30
0
 11
6.2522213779527558
 21
-3.8556642125984251
 31
0
  0
LINE
  5
198
330
22
100
AcDbEntity
  8
F.Silkscreen
  6
CONTINUOUS
100
AcDbLine
 10
6.2522213779527558
 20
-3.8556642125984251
 30
0
 11
6.2696779133858263
 21
-3.8731207086614172
 31
0
  0
LINE
  5
199
330
22
100
AcDbEntity
  8
F.Silkscreen
  6
CONTINUOUS
100
AcDbLine
 10
6.2696779133858263
 20
-3.8731207086614172
 30
0
 11
6.2696779133858263
 21
-3.8558773622047244
 31
0
  0
LINE
  5
19A
330
22
100
AcDbEntity
  8
F.Silkscreen
  6
CONTINUOUS
100
AcDbLine
 10
6.2696779133858263
 20
-3.8558773622047244
 30
0
 11
6.2697346456692911
 21
-3.8553012992125981
 31
0
  0
LINE
  5
19B
330
22
100
AcDbEntity
  8
F.Silkscreen
  6
CONTINUOUS
100
AcDbLine
 10
6.2697346456692911
 20
-3.8553012992125981
 30
0
 11
6.2701755511811026
 21
-3.8542368897637793
 31
0
  0
LINE
  5
19C
330
22
100
AcDbEntity
  8
F.Silkscreen
  6
CONTINUOUS
100
AcDbLine
 10
6.2701755511811026
 20
-3.8542368897637793
 30
0
 11
6.2709901968503932
 21
-3.8534222440944883
 31
0
  0
LINE
  5
19D
330
22
100
AcDbEntity
  8
F.Silkscreen
  6
CONTINUOUS
100
AcDbLine
 10
6.2709901968503932
 20
-3.8534222440944883
 30
0
 11
6.2720546062992124
 21
-3.8529813385826772
 31
0
  0
LINE
  5
19E
330
22
100
AcDbEntity
  8
F.Silkscreen
  6
CONTINUOUS
100
AcDbLine
 10
6.2720546062992124
 20
-3.8529813385826772
 30
0
 11
6.2732067322834641
 21
-3.8529813385826772
 31
0
  0
LINE
  5
19F
330
22
100
AcDbEntity
  8
F.Silkscreen
  6
CONTINUOUS
100
AcDbLine
 10
6.2732067322834641
 20
-3.8529813385826772
 30
0
 11
6.2742711417322834
 21
-3.8534222440944883
 31
0
  0
LINE
  5
1A0
330
22
100
AcDbEntity
  8
F.Silkscreen
  6
CONTINUOUS
100
AcDbLine
 10
6.2742711417322834
 20
-3.8534222440944883
 30
0
 11
6.2750857874015749
 21
-3.8542368897637793
 31
0
  0
LINE
  5
1A1
330
22
100
AcDbEntity
  8
F.Silkscreen
  6
CONTINUOUS
100
AcDbLine
 10
6.2750857874015749
 20
-3.8542368897637793
 30
0
 11
6.2755266929133855
 21
-3.8553012992125981
 31
0
  0
LINE
  5
1A2
330
22
100
AcDbEntity
  8
F.Silkscreen
  6
CONTINUOUS
100
AcDbLine
 10
6.2755266929133855
 20
-3.8553012992125981
 30
0
 11
6.2755834251968503
 21
-3.8558773622047244
 31
0
  0
LINE
  5
1A3
330
22
100
AcDbEntity
  8
F.Silkscreen
  6
CONTINUOUS
100
AcDbLine
 10
6.2755834251968503
 20
-3.8558773622047244
 30
0
 11
6.2755834251968503
 21
-3.8802492913385827
 31
0
  0
LINE
  5
1A4
330
22
100
AcDbEntity
  8
F.Silkscreen
  6
CONTINUOUS
100
AcDbLine
 10
6.2755834251968503
 20
-3.8802492913385827
 30
0
 11
6.2755266929133855
 21
-3.8808253543307085
 31
0
  0
LINE
  5
1A5
330
22
100
AcDbEntity
  8
F.Silkscreen
  6
CONTINUOUS
100
AcDbLine
 10
6.2755266929133855
 20
-3.8808253543307085
 30
0
 11
6.2753975590551176
 21
-3.881137086614173
 31
0
  0
LINE
  5
1A6
330
22
100
AcDbEntity
  8
F.Silkscreen
  6
CONTINUOUS
100
AcDbLine
 10
6.2753975590551176
 20
-3.881137086614173
 30
0
 11
6.2750858267716536
 21
-3.8818897637795273
 31
0
  0
LINE
  5
1A7
330
22
100
AcDbEntity
  8
F.Silkscreen
  6
CONTINUOUS
100
AcDbLine
 10
6.2750858267716536
 20
-3.8818897637795273
 30
0
 11
6.2742711417322834
 21
-3.8827044094488188
 31
0
  0
LINE
  5
1A8
330
22
100
AcDbEntity
  8
F.Silkscreen
  6
CONTINUOUS
100
AcDbLine
 10
6.2742711417322834
 20
-3.8827044094488188
 30
0
 11
6.2732067322834641
 21
-3.8831453149606299
 31
0
  0
LINE
  5
1A9
330
22
100
AcDbEntity
  8
F.Silkscreen
  6
CONTINUOUS
100
AcDbLine
 10
6.2732067322834641
 20
-3.8831453149606299
 30
0
 11
6.2720546456692912
 21
-3.8831453149606299
 31
0
  0
LINE
  5
1AA
330
22
100
AcDbEntity
  8
F.Silkscreen
  6
CONTINUOUS
100
AcDbLine
 10
6.2720546456692912
 20
-3.8831453149606299
 30
0
 11
6.2720546062992124
 21
-3.8831453149606299
 31
0
  0
LINE
  5
1AB
330
22
100
AcDbEntity
  8
F.Silkscreen
  6
CONTINUOUS
100
AcDbLine
 10
6.2720546062992124
 20
-3.8831453149606299
 30
0
 11
6.2717428346456687
 21
-3.883016181102362
 31
0
  0
LINE
  5
1AC
330
22
100
AcDbEntity
  8
F.Silkscreen
  6
CONTINUOUS
100
AcDbLine
 10
6.2717428346456687
 20
-3.883016181102362
 30
0
 11
6.2709901968503932
 21
-3.8827044488188975
 31
0
  0
LINE
  5
1AD
330
22
100
AcDbEntity
  8
F.Silkscreen
  6
CONTINUOUS
100
AcDbLine
 10
6.2709901968503932
 20
-3.8827044488188975
 30
0
 11
6.2705427559055114
 21
-3.8823372047244096
 31
0
  0
LINE
  5
1AE
330
22
100
AcDbEntity
  8
F.Silkscreen
  6
CONTINUOUS
100
AcDbLine
 10
6.2705427559055114
 20
-3.8823372047244096
 30
0
 11
6.2485384251968501
 21
-3.8603329133858266
 31
0
  0
LINE
  5
1AF
330
22
100
AcDbEntity
  8
F.Silkscreen
  6
CONTINUOUS
100
AcDbLine
 10
6.2485384251968501
 20
-3.8603329133858266
 30
0
 11
6.2440300393700783
 21
-3.858830118110236
 31
0
  0
LINE
  5
1B0
330
22
100
AcDbEntity
  8
F.Silkscreen
  6
CONTINUOUS
100
AcDbLine
 10
6.2440300393700783
 20
-3.858830118110236
 30
0
 11
6.2414566929133857
 21
-3.858830118110236
 31
0
  0
LINE
  5
1B1
330
22
100
AcDbEntity
  8
F.Silkscreen
  6
CONTINUOUS
100
AcDbLine
 10
6.2414566929133857
 20
-3.858830118110236
 30
0
 11
6.238759212598425
 21
-3.8601788582677163
 31
0
  0
LINE
  5
1B2
330
22
100
AcDbEntity
  8
F.Silkscreen
  6
CONTINUOUS
100
AcDbLine
 10
6.238759212598425
 20
-3.8601788582677163
 30
0
 11
6.2375620866141732
 21
-3.8613759842519686
 31
0
  0
LINE
  5
1B3
330
22
100
AcDbEntity
  8
F.Silkscreen
  6
CONTINUOUS
100
AcDbLine
 10
6.2375620866141732
 20
-3.8613759842519686
 30
0
 11
6.2362133464566929
 21
-3.8640734645669292
 31
0
  0
LINE
  5
1B4
330
22
100
AcDbEntity
  8
F.Silkscreen
  6
CONTINUOUS
100
AcDbLine
 10
6.2362133464566929
 20
-3.8640734645669292
 30
0
 11
6.2362133464566929
 21
-3.8720531889763778
 31
0
  0
LINE
  5
1B5
330
22
100
AcDbEntity
  8
F.Silkscreen
  6
CONTINUOUS
100
AcDbLine
 10
6.2362133464566929
 20
-3.8720531889763778
 30
0
 11
6.2375620866141732
 21
-3.8747506692913385
 31
0
  0
LINE
  5
1B6
330
22
100
AcDbEntity
  8
F.Silkscreen
  6
CONTINUOUS
100
AcDbLine
 10
6.2375620866141732
 20
-3.8747506692913385
 30
0
 11
6.2390980314960629
 21
-3.8762866141732282
 31
0
  0
LINE
  5
1B7
330
22
100
AcDbEntity
  8
F.Silkscreen
  6
CONTINUOUS
100
AcDbLine
 10
6.2390980314960629
 20
-3.8762866141732282
 30
0
 11
6.2394652362204726
 21
-3.87673405511811
 31
0
  0
LINE
  5
1B8
330
22
100
AcDbEntity
  8
F.Silkscreen
  6
CONTINUOUS
100
AcDbLine
 10
6.2394652362204726
 20
-3.87673405511811
 30
0
 11
6.2399061417322832
 21
-3.8777984645669292
 31
0
  0
LINE
  5
1B9
330
22
100
AcDbEntity
  8
F.Silkscreen
  6
CONTINUOUS
100
AcDbLine
 10
6.2399061417322832
 20
-3.8777984645669292
 30
0
 11
6.2399061417322832
 21
-3.8789505511811022
 31
0
  0
LINE
  5
1BA
330
22
100
AcDbEntity
  8
F.Silkscreen
  6
CONTINUOUS
100
AcDbLine
 10
6.2399061417322832
 20
-3.8789505511811022
 30
0
 11
6.2394652362204726
 21
-3.880014960629921
 31
0
  0
LINE
  5
1BB
330
22
100
AcDbEntity
  8
F.Silkscreen
  6
CONTINUOUS
100
AcDbLine
 10
6.2394652362204726
 20
-3.880014960629921
 30
0
 11
6.2386505511811023
 21
-3.8808296456692912
 31
0
  0
LINE
  5
1BC
330
22
100
AcDbEntity
  8
F.Silkscreen
  6
CONTINUOUS
100
AcDbLine
 10
6.2386505511811023
 20
-3.8808296456692912
 30
0
 11
6.2375861417322831
 21
-3.8812705511811023
 31
0
  0
LINE
  5
1BD
330
22
100
AcDbEntity
  8
F.Silkscreen
  6
CONTINUOUS
100
AcDbLine
 10
6.2375861417322831
 20
-3.8812705511811023
 30
0
 11
6.2364340551181101
 21
-3.8812705511811023
 31
0
  0
LINE
  5
1BE
330
22
100
AcDbEntity
  8
F.Silkscreen
  6
CONTINUOUS
100
AcDbLine
 10
6.2364340551181101
 20
-3.8812705511811023
 30
0
 11
6.2353696456692909
 21
-3.8808296456692912
 31
0
  0
LINE
  5
1BF
330
22
100
AcDbEntity
  8
F.Silkscreen
  6
CONTINUOUS
100
AcDbLine
 10
6.2353696456692909
 20
-3.8808296456692912
 30
0
 11
6.2349222047244091
 21
-3.880462440944882
 31
0
  0
LINE
  5
1C0
330
22
100
AcDbEntity
  8
F.Silkscreen
  6
CONTINUOUS
100
AcDbLine
 10
6.2349222047244091
 20
-3.880462440944882
 30
0
 11
6.2330474409448815
 21
-3.8785876771653545
 31
0
  0
LINE
  5
1C1
330
22
100
AcDbEntity
  8
F.Silkscreen
  6
CONTINUOUS
100
AcDbLine
 10
6.2330474409448815
 20
-3.8785876771653545
 30
0
 11
6.2328616535433072
 21
-3.8783612992125982
 31
0
  0
LINE
  5
1C2
330
22
100
AcDbEntity
  8
F.Silkscreen
  6
CONTINUOUS
100
AcDbLine
 10
6.2328616535433072
 20
-3.8783612992125982
 30
0
 11
6.2328026771653544
 21
-3.8783101574803149
 31
0
  0
LINE
  5
1C3
330
22
100
AcDbEntity
  8
F.Silkscreen
  6
CONTINUOUS
100
AcDbLine
 10
6.2328026771653544
 20
-3.8783101574803149
 30
0
 11
6.2327466929133859
 21
-3.8782211811023619
 31
0
  0
LINE
  5
1C4
330
22
100
AcDbEntity
  8
F.Silkscreen
  6
CONTINUOUS
100
AcDbLine
 10
6.2327466929133859
 20
-3.8782211811023619
 30
0
 11
6.2326802362204727
 21
-3.8781402362204722
 31
0
  0
LINE
  5
1C5
330
22
100
AcDbEntity
  8
F.Silkscreen
  6
CONTINUOUS
100
AcDbLine
 10
6.2326802362204727
 20
-3.8781402362204722
 30
0
 11
6.2326503937007871
 21
-3.8780682677165355
 31
0
  0
LINE
  5
1C6
330
22
100
AcDbEntity
  8
F.Silkscreen
  6
CONTINUOUS
100
AcDbLine
 10
6.2326503937007871
 20
-3.8780682677165355
 30
0
 11
6.2324943307086613
 21
-3.8778202755905511
 31
0
  0
LINE
  5
1C7
330
22
100
AcDbEntity
  8
F.Silkscreen
  6
CONTINUOUS
100
AcDbLine
 10
6.2324943307086613
 20
-3.8778202755905511
 30
0
 11
6.2306195669291338
 21
-3.874070748031496
 31
0
  0
LINE
  5
1C8
330
22
100
AcDbEntity
  8
F.Silkscreen
  6
CONTINUOUS
100
AcDbLine
 10
6.2306195669291338
 20
-3.874070748031496
 30
0
 11
6.2304126771653543
 21
-3.873530118110236
 31
0
  0
LINE
  5
1C9
330
22
100
AcDbEntity
  8
F.Silkscreen
  6
CONTINUOUS
100
AcDbLine
 10
6.2304126771653543
 20
-3.873530118110236
 30
0
 11
6.2304051574803152
 21
-3.8734242913385826
 31
0
  0
LINE
  5
1CA
330
22
100
AcDbEntity
  8
F.Silkscreen
  6
CONTINUOUS
100
AcDbLine
 10
6.2304051574803152
 20
-3.8734242913385826
 30
0
 11
6.2303645669291337
 21
-3.8733262992125983
 31
0
  0
LINE
  5
1CB
330
22
100
AcDbEntity
  8
F.Silkscreen
  6
CONTINUOUS
100
AcDbLine
 10
6.2303645669291337
 20
-3.8733262992125983
 30
0
 11
6.2303078346456688
 21
-3.8727502362204724
 31
0
  0
LINE
  5
1CC
330
22
100
AcDbEntity
  8
F.Silkscreen
  6
CONTINUOUS
100
AcDbLine
 10
6.2303078346456688
 20
-3.8727502362204724
 30
0
 11
6.2303078346456688
 21
-3.8633764173228347
 31
0
  0
LINE
  5
1CD
330
22
100
AcDbEntity
  8
F.Silkscreen
  6
CONTINUOUS
100
AcDbLine
 10
6.2303078346456688
 20
-3.8633764173228347
 30
0
 11
6.2303645669291337
 21
-3.8628003543307088
 31
0
  0
LINE
  5
1CE
330
22
100
AcDbEntity
  8
F.Silkscreen
  6
CONTINUOUS
100
AcDbLine
 10
6.2303645669291337
 20
-3.8628003543307088
 30
0
 11
6.2304051574803152
 21
-3.8627023228346458
 31
0
  0
LINE
  5
1CF
330
22
100
AcDbEntity
  8
F.Silkscreen
  6
CONTINUOUS
100
AcDbLine
 10
6.2304051574803152
 20
-3.8627023228346458
 30
0
 11
6.2304126771653543
 21
-3.8625965354330707
 31
0
  0
LINE
  5
1D0
330
22
100
AcDbEntity
  8
F.Silkscreen
  6
CONTINUOUS
100
AcDbLine
 10
6.2304126771653543
 20
-3.8625965354330707
 30
0
 11
6.2306195669291338
 21
-3.8620559055118111
 31
0
  0
LINE
  5
1D1
330
22
100
AcDbEntity
  8
F.Silkscreen
  6
CONTINUOUS
100
AcDbLine
 10
6.2306195669291338
 20
-3.8620559055118111
 30
0
 11
6.2324943307086613
 21
-3.858306377952756
 31
0
  0
LINE
  5
1D2
330
22
100
AcDbEntity
  8
F.Silkscreen
  6
CONTINUOUS
100
AcDbLine
 10
6.2324943307086613
 20
-3.858306377952756
 30
0
 11
6.2326503937007871
 21
-3.8580583464566929
 31
0
  0
LINE
  5
1D3
330
22
100
AcDbEntity
  8
F.Silkscreen
  6
CONTINUOUS
100
AcDbLine
 10
6.2326503937007871
 20
-3.8580583464566929
 30
0
 11
6.2326802362204727
 21
-3.8579864173228344
 31
0
  0
LINE
  5
1D4
330
22
100
AcDbEntity
  8
F.Silkscreen
  6
CONTINUOUS
100
AcDbLine
 10
6.2326802362204727
 20
-3.8579864173228344
 30
0
 11
6.2327466929133859
 21
-3.857905433070866
 31
0
  0
LINE
  5
1D5
330
22
100
AcDbEntity
  8
F.Silkscreen
  6
CONTINUOUS
100
AcDbLine
 10
6.2327466929133859
 20
-3.857905433070866
 30
0
 11
6.2328026771653544
 21
-3.8578164960629922
 31
0
  0
LINE
  5
1D6
330
22
100
AcDbEntity
  8
F.Silkscreen
  6
CONTINUOUS
100
AcDbLine
 10
6.2328026771653544
 20
-3.8578164960629922
 30
0
 11
6.2328616535433072
 21
-3.8577653149606297
 31
0
  0
LINE
  5
1D7
330
22
100
AcDbEntity
  8
F.Silkscreen
  6
CONTINUOUS
100
AcDbLine
 10
6.2328616535433072
 20
-3.8577653149606297
 30
0
 11
6.2330474409448815
 21
-3.8575389763779526
 31
0
  0
LINE
  5
1D8
330
22
100
AcDbEntity
  8
F.Silkscreen
  6
CONTINUOUS
100
AcDbLine
 10
6.2330474409448815
 20
-3.8575389763779526
 30
0
 11
6.2349222047244091
 21
-3.8556642125984251
 31
0
  0
LINE
  5
1D9
330
22
100
AcDbEntity
  8
F.Silkscreen
  6
CONTINUOUS
100
AcDbLine
 10
6.2349222047244091
 20
-3.8556642125984251
 30
0
 11
6.2351485433070861
 21
-3.8554784251968504
 31
0
  0
LINE
  5
1DA
330
22
100
AcDbEntity
  8
F.Silkscreen
  6
CONTINUOUS
100
AcDbLine
 10
6.2351485433070861
 20
-3.8554784251968504
 30
0
 11
6.2351997244094486
 21
-3.8554194488188975
 31
0
  0
LINE
  5
1DB
330
22
100
AcDbEntity
  8
F.Silkscreen
  6
CONTINUOUS
100
AcDbLine
 10
6.2351997244094486
 20
-3.8554194488188975
 30
0
 11
6.2352886614173224
 21
-3.855363464566929
 31
0
  0
LINE
  5
1DC
330
22
100
AcDbEntity
  8
F.Silkscreen
  6
CONTINUOUS
100
AcDbLine
 10
6.2352886614173224
 20
-3.855363464566929
 30
0
 11
6.2353696456692909
 21
-3.8552970078740159
 31
0
  0
LINE
  5
1DD
330
22
100
AcDbEntity
  8
F.Silkscreen
  6
CONTINUOUS
100
AcDbLine
 10
6.2353696456692909
 20
-3.8552970078740159
 30
0
 11
6.2354415748031498
 21
-3.8552671653543307
 31
0
  0
LINE
  5
1DE
330
22
100
AcDbEntity
  8
F.Silkscreen
  6
CONTINUOUS
100
AcDbLine
 10
6.2354415748031498
 20
-3.8552671653543307
 30
0
 11
6.2356896062992124
 21
-3.8551111023622044
 31
0
  0
LINE
  5
1DF
330
22
100
AcDbEntity
  8
F.Silkscreen
  6
CONTINUOUS
100
AcDbLine
 10
6.2356896062992124
 20
-3.8551111023622044
 30
0
 11
6.2394391338582675
 21
-3.8532363385826769
 31
0
  0
LINE
  5
1E0
330
22
100
AcDbEntity
  8
F.Silkscreen
  6
CONTINUOUS
100
AcDbLine
 10
6.2394391338582675
 20
-3.8532363385826769
 30
0
 11
6.2399797244094488
 21
-3.8530294488188974
 31
0
  0
LINE
  5
1E1
330
22
100
AcDbEntity
  8
F.Silkscreen
  6
CONTINUOUS
100
AcDbLine
 10
6.2399797244094488
 20
-3.8530294488188974
 30
0
 11
6.2400855905511809
 21
-3.8530218897637796
 31
0
  0
LINE
  5
1E2
330
22
100
AcDbEntity
  8
F.Silkscreen
  6
CONTINUOUS
100
AcDbLine
 10
6.2400855905511809
 20
-3.8530218897637796
 30
0
 11
6.2401835826771652
 21
-3.8529813385826772
 31
0
  0
LINE
  5
1E3
330
22
100
AcDbEntity
  8
F.Silkscreen
  6
CONTINUOUS
100
AcDbLine
 10
6.2401835826771652
 20
-3.8529813385826772
 30
0
 11
6.2407596456692911
 21
-3.8529246062992124
 31
0
  0
LINE
  5
1E4
330
22
100
AcDbEntity
  8
F.Silkscreen
  6
CONTINUOUS
100
AcDbLine
 10
6.2407596456692911
 20
-3.8529246062992124
 30
0
 11
6.2445091732283462
 21
-3.8529246062992124
 31
0
  0
LINE
  5
1E5
330
22
100
AcDbEntity
  8
F.Silkscreen
  6
CONTINUOUS
100
AcDbLine
 10
6.2445091732283462
 20
-3.8529246062992124
 30
0
 11
6.2448007086614172
 21
-3.8529533070866142
 31
0
  0
LINE
  5
1E6
330
22
100
AcDbEntity
  8
F.Silkscreen
  6
CONTINUOUS
100
AcDbLine
 10
5.7427750787401575
 20
-3.853619094488189
 30
0
 11
5.7435897244094489
 21
-3.8544337401574804
 31
0
  0
LINE
  5
1E7
330
22
100
AcDbEntity
  8
F.Silkscreen
  6
CONTINUOUS
100
AcDbLine
 10
5.7435897244094489
 20
-3.8544337401574804
 30
0
 11
5.7440306299212596
 21
-3.8554981496062992
 31
0
  0
LINE
  5
1E8
330
22
100
AcDbEntity
  8
F.Silkscreen
  6
CONTINUOUS
100
AcDbLine
 10
5.7440306299212596
 20
-3.8554981496062992
 30
0
 11
5.7440873622047244
 21
-3.8560742125984251
 31
0
  0
LINE
  5
1E9
330
22
100
AcDbEntity
  8
F.Silkscreen
  6
CONTINUOUS
100
AcDbLine
 10
5.7440873622047244
 20
-3.8560742125984251
 30
0
 11
5.7440873622047244
 21
-3.8785713779527557
 31
0
  0
LINE
  5
1EA
330
22
100
AcDbEntity
  8
F.Silkscreen
  6
CONTINUOUS
100
AcDbLine
 10
5.7440873622047244
 20
-3.8785713779527557
 30
0
 11
5.7440306299212596
 21
-3.8791474409448816
 31
0
  0
LINE
  5
1EB
330
22
100
AcDbEntity
  8
F.Silkscreen
  6
CONTINUOUS
100
AcDbLine
 10
5.7440306299212596
 20
-3.8791474409448816
 30
0
 11
5.7435897244094489
 21
-3.8802118503937009
 31
0
  0
LINE
  5
1EC
330
22
100
AcDbEntity
  8
F.Silkscreen
  6
CONTINUOUS
100
AcDbLine
 10
5.7435897244094489
 20
-3.8802118503937009
 30
0
 11
5.7427750787401575
 21
-3.8810264960629919
 31
0
  0
LINE
  5
1ED
330
22
100
AcDbEntity
  8
F.Silkscreen
  6
CONTINUOUS
100
AcDbLine
 10
5.7427750787401575
 20
-3.8810264960629919
 30
0
 11
5.7417106692913382
 21
-3.881467401574803
 31
0
  0
LINE
  5
1EE
330
22
100
AcDbEntity
  8
F.Silkscreen
  6
CONTINUOUS
100
AcDbLine
 10
5.7417106692913382
 20
-3.881467401574803
 30
0
 11
5.7405585433070865
 21
-3.881467401574803
 31
0
  0
LINE
  5
1EF
330
22
100
AcDbEntity
  8
F.Silkscreen
  6
CONTINUOUS
100
AcDbLine
 10
5.7405585433070865
 20
-3.881467401574803
 30
0
 11
5.7394941338582672
 21
-3.8810264960629919
 31
0
  0
LINE
  5
1F0
330
22
100
AcDbEntity
  8
F.Silkscreen
  6
CONTINUOUS
100
AcDbLine
 10
5.7394941338582672
 20
-3.8810264960629919
 30
0
 11
5.7386794881889767
 21
-3.8802118503937009
 31
0
  0
LINE
  5
1F1
330
22
100
AcDbEntity
  8
F.Silkscreen
  6
CONTINUOUS
100
AcDbLine
 10
5.7386794881889767
 20
-3.8802118503937009
 30
0
 11
5.7382385826771651
 21
-3.8791474409448816
 31
0
  0
LINE
  5
1F2
330
22
100
AcDbEntity
  8
F.Silkscreen
  6
CONTINUOUS
100
AcDbLine
 10
5.7382385826771651
 20
-3.8791474409448816
 30
0
 11
5.7381818503937003
 21
-3.8785713779527557
 31
0
  0
LINE
  5
1F3
330
22
100
AcDbEntity
  8
F.Silkscreen
  6
CONTINUOUS
100
AcDbLine
 10
5.7381818503937003
 20
-3.8785713779527557
 30
0
 11
5.7381818503937003
 21
-3.8702755511811024
 31
0
  0
LINE
  5
1F4
330
22
100
AcDbEntity
  8
F.Silkscreen
  6
CONTINUOUS
100
AcDbLine
 10
5.7381818503937003
 20
-3.8702755511811024
 30
0
 11
5.7107678740157475
 21
-3.8702755511811024
 31
0
  0
LINE
  5
1F5
330
22
100
AcDbEntity
  8
F.Silkscreen
  6
CONTINUOUS
100
AcDbLine
 10
5.7107678740157475
 20
-3.8702755511811024
 30
0
 11
5.7132262598425196
 21
-3.8727339370078737
 31
0
  0
LINE
  5
1F6
330
22
100
AcDbEntity
  8
F.Silkscreen
  6
CONTINUOUS
100
AcDbLine
 10
5.7132262598425196
 20
-3.8727339370078737
 30
0
 11
5.7134120866141727
 21
-3.87296031496063
 31
0
  0
LINE
  5
1F7
330
22
100
AcDbEntity
  8
F.Silkscreen
  6
CONTINUOUS
100
AcDbLine
 10
5.7134120866141727
 20
-3.87296031496063
 30
0
 11
5.7134710236220467
 21
-3.8730114566929132
 31
0
  0
LINE
  5
1F8
330
22
100
AcDbEntity
  8
F.Silkscreen
  6
CONTINUOUS
100
AcDbLine
 10
5.7134710236220467
 20
-3.8730114566929132
 30
0
 11
5.713526889763779
 21
-3.8731001968503938
 31
0
  0
LINE
  5
1F9
330
22
100
AcDbEntity
  8
F.Silkscreen
  6
CONTINUOUS
100
AcDbLine
 10
5.713526889763779
 20
-3.8731001968503938
 30
0
 11
5.713593503937008
 21
-3.873181377952756
 31
0
  0
LINE
  5
1FA
330
22
100
AcDbEntity
  8
F.Silkscreen
  6
CONTINUOUS
100
AcDbLine
 10
5.713593503937008
 20
-3.873181377952756
 30
0
 11
5.7136233464566928
 21
-3.8732535039370077
 31
0
  0
LINE
  5
1FB
330
22
100
AcDbEntity
  8
F.Silkscreen
  6
CONTINUOUS
100
AcDbLine
 10
5.7136233464566928
 20
-3.8732535039370077
 30
0
 11
5.7137793700787398
 21
-3.8735013385826771
 31
0
  0
LINE
  5
1FC
330
22
100
AcDbEntity
  8
F.Silkscreen
  6
CONTINUOUS
100
AcDbLine
 10
5.7137793700787398
 20
-3.8735013385826771
 30
0
 11
5.7156541338582674
 21
-3.8772508661417322
 31
0
  0
LINE
  5
1FD
330
22
100
AcDbEntity
  8
F.Silkscreen
  6
CONTINUOUS
100
AcDbLine
 10
5.7156541338582674
 20
-3.8772508661417322
 30
0
 11
5.7158610236220468
 21
-3.8777914566929135
 31
0
  0
LINE
  5
1FE
330
22
100
AcDbEntity
  8
F.Silkscreen
  6
CONTINUOUS
100
AcDbLine
 10
5.7158610236220468
 20
-3.8777914566929135
 30
0
 11
5.7159426771653541
 21
-3.8789406692913384
 31
0
  0
LINE
  5
1FF
330
22
100
AcDbEntity
  8
F.Silkscreen
  6
CONTINUOUS
100
AcDbLine
 10
5.7159426771653541
 20
-3.8789406692913384
 30
0
 11
5.7155783464566925
 21
-3.8800336614173228
 31
0
  0
LINE
  5
200
330
22
100
AcDbEntity
  8
F.Silkscreen
  6
CONTINUOUS
100
AcDbLine
 10
5.7155783464566925
 20
-3.8800336614173228
 30
0
 11
5.7148235039370077
 21
-3.8809040157480315
 31
0
  0
LINE
  5
201
330
22
100
AcDbEntity
  8
F.Silkscreen
  6
CONTINUOUS
100
AcDbLine
 10
5.7148235039370077
 20
-3.8809040157480315
 30
0
 11
5.7137929921259838
 21
-3.8814192913385828
 31
0
  0
LINE
  5
202
330
22
100
AcDbEntity
  8
F.Silkscreen
  6
CONTINUOUS
100
AcDbLine
 10
5.7137929921259838
 20
-3.8814192913385828
 30
0
 11
5.7126437795275589
 21
-3.8815009448818896
 31
0
  0
LINE
  5
203
330
22
100
AcDbEntity
  8
F.Silkscreen
  6
CONTINUOUS
100
AcDbLine
 10
5.7126437795275589
 20
-3.8815009448818896
 30
0
 11
5.7115508267716537
 21
-3.8811366141732284
 31
0
  0
LINE
  5
204
330
22
100
AcDbEntity
  8
F.Silkscreen
  6
CONTINUOUS
100
AcDbLine
 10
5.7115508267716537
 20
-3.8811366141732284
 30
0
 11
5.7106804330708663
 21
-3.8803817716535431
 31
0
  0
LINE
  5
205
330
22
100
AcDbEntity
  8
F.Silkscreen
  6
CONTINUOUS
100
AcDbLine
 10
5.7106804330708663
 20
-3.8803817716535431
 30
0
 11
5.7103720866141732
 21
-3.8798918897637793
 31
0
  0
LINE
  5
206
330
22
100
AcDbEntity
  8
F.Silkscreen
  6
CONTINUOUS
100
AcDbLine
 10
5.7103720866141732
 20
-3.8798918897637793
 30
0
 11
5.7087116141732279
 21
-3.8765709448818897
 31
0
  0
LINE
  5
207
330
22
100
AcDbEntity
  8
F.Silkscreen
  6
CONTINUOUS
100
AcDbLine
 10
5.7087116141732279
 20
-3.8765709448818897
 30
0
 11
5.7055076377952751
 21
-3.8733669685039369
 31
0
  0
LINE
  5
208
330
22
100
AcDbEntity
  8
F.Silkscreen
  6
CONTINUOUS
100
AcDbLine
 10
5.7055076377952751
 20
-3.8733669685039369
 30
0
 11
5.7001266141732279
 21
-3.8697796456692912
 31
0
  0
LINE
  5
209
330
22
100
AcDbEntity
  8
F.Silkscreen
  6
CONTINUOUS
100
AcDbLine
 10
5.7001266141732279
 20
-3.8697796456692912
 30
0
 11
5.7001249212598424
 21
-3.8697782677165353
 31
0
  0
LINE
  5
20A
330
22
100
AcDbEntity
  8
F.Silkscreen
  6
CONTINUOUS
100
AcDbLine
 10
5.7001249212598424
 20
-3.8697782677165353
 30
0
 11
5.7001240551181098
 21
-3.8697779133858266
 31
0
  0
LINE
  5
20B
330
22
100
AcDbEntity
  8
F.Silkscreen
  6
CONTINUOUS
100
AcDbLine
 10
5.7001240551181098
 20
-3.8697779133858266
 30
0
 11
5.7001220078740156
 21
-3.8697758661417323
 31
0
  0
LINE
  5
20C
330
22
100
AcDbEntity
  8
F.Silkscreen
  6
CONTINUOUS
100
AcDbLine
 10
5.7001220078740156
 20
-3.8697758661417323
 30
0
 11
5.6996787795275585
 21
-3.8694128740157478
 31
0
  0
LINE
  5
20D
330
22
100
AcDbEntity
  8
F.Silkscreen
  6
CONTINUOUS
100
AcDbLine
 10
5.6996787795275585
 20
-3.8694128740157478
 30
0
 11
5.699516102362205
 21
-3.8691699606299212
 31
0
  0
LINE
  5
20E
330
22
100
AcDbEntity
  8
F.Silkscreen
  6
CONTINUOUS
100
AcDbLine
 10
5.699516102362205
 20
-3.8691699606299212
 30
0
 11
5.6993094094488184
 21
-3.8689632677165355
 31
0
  0
LINE
  5
20F
330
22
100
AcDbEntity
  8
F.Silkscreen
  6
CONTINUOUS
100
AcDbLine
 10
5.6993094094488184
 20
-3.8689632677165355
 30
0
 11
5.6991986614173227
 21
-3.8686959448818898
 31
0
  0
LINE
  5
210
330
22
100
AcDbEntity
  8
F.Silkscreen
  6
CONTINUOUS
100
AcDbLine
 10
5.6991986614173227
 20
-3.8686959448818898
 30
0
 11
5.6990377165354333
 21
-3.8684555905511808
 31
0
  0
LINE
  5
211
330
22
100
AcDbEntity
  8
F.Silkscreen
  6
CONTINUOUS
100
AcDbLine
 10
5.6990377165354333
 20
-3.8684555905511808
 30
0
 11
5.6989803543307085
 21
-3.8681689370078738
 31
0
  0
LINE
  5
212
330
22
100
AcDbEntity
  8
F.Silkscreen
  6
CONTINUOUS
100
AcDbLine
 10
5.6989803543307085
 20
-3.8681689370078738
 30
0
 11
5.6988685039370077
 21
-3.8678988582677163
 31
0
  0
LINE
  5
213
330
22
100
AcDbEntity
  8
F.Silkscreen
  6
CONTINUOUS
100
AcDbLine
 10
5.6988685039370077
 20
-3.8678988582677163
 30
0
 11
5.6988685039370077
 21
-3.867609527559055
 31
0
  0
LINE
  5
214
330
22
100
AcDbEntity
  8
F.Silkscreen
  6
CONTINUOUS
100
AcDbLine
 10
5.6988685039370077
 20
-3.867609527559055
 30
0
 11
5.6988117716535429
 21
-3.867325905511811
 31
0
  0
LINE
  5
215
330
22
100
AcDbEntity
  8
F.Silkscreen
  6
CONTINUOUS
100
AcDbLine
 10
5.6988117716535429
 20
-3.867325905511811
 30
0
 11
5.6988685039370077
 21
-3.8670390944881889
 31
0
  0
LINE
  5
216
330
22
100
AcDbEntity
  8
F.Silkscreen
  6
CONTINUOUS
100
AcDbLine
 10
5.6988685039370077
 20
-3.8670390944881889
 30
0
 11
5.6988685039370077
 21
-3.8667467322834645
 31
0
  0
LINE
  5
217
330
22
100
AcDbEntity
  8
F.Silkscreen
  6
CONTINUOUS
100
AcDbLine
 10
5.6988685039370077
 20
-3.8667467322834645
 30
0
 11
5.6989792125984247
 21
-3.8664794488188976
 31
0
  0
LINE
  5
218
330
22
100
AcDbEntity
  8
F.Silkscreen
  6
CONTINUOUS
100
AcDbLine
 10
5.6989792125984247
 20
-3.8664794488188976
 30
0
 11
5.6990353543307082
 21
-3.8661956692913386
 31
0
  0
LINE
  5
219
330
22
100
AcDbEntity
  8
F.Silkscreen
  6
CONTINUOUS
100
AcDbLine
 10
5.6990353543307082
 20
-3.8661956692913386
 30
0
 11
5.6991975196850388
 21
-3.8659524015748032
 31
0
  0
LINE
  5
21A
330
22
100
AcDbEntity
  8
F.Silkscreen
  6
CONTINUOUS
100
AcDbLine
 10
5.6991975196850388
 20
-3.8659524015748032
 30
0
 11
5.6993094094488184
 21
-3.8656823228346457
 31
0
  0
LINE
  5
21B
330
22
100
AcDbEntity
  8
F.Silkscreen
  6
CONTINUOUS
100
AcDbLine
 10
5.6993094094488184
 20
-3.8656823228346457
 30
0
 11
5.6995139370078736
 21
-3.8654777559055118
 31
0
  0
LINE
  5
21C
330
22
100
AcDbEntity
  8
F.Silkscreen
  6
CONTINUOUS
100
AcDbLine
 10
5.6995139370078736
 20
-3.8654777559055118
 30
0
 11
5.6996744488188975
 21
-3.8652370472440944
 31
0
  0
LINE
  5
21D
330
22
100
AcDbEntity
  8
F.Silkscreen
  6
CONTINUOUS
100
AcDbLine
 10
5.6996744488188975
 20
-3.8652370472440944
 30
0
 11
5.6999173228346454
 21
-3.86507437007874
 31
0
  0
LINE
  5
21E
330
22
100
AcDbEntity
  8
F.Silkscreen
  6
CONTINUOUS
100
AcDbLine
 10
5.6999173228346454
 20
-3.86507437007874
 30
0
 11
5.7001240551181098
 21
-3.8648676771653543
 31
0
  0
LINE
  5
21F
330
22
100
AcDbEntity
  8
F.Silkscreen
  6
CONTINUOUS
100
AcDbLine
 10
5.7001240551181098
 20
-3.8648676771653543
 30
0
 11
5.7003913385826772
 21
-3.8647569291338582
 31
0
  0
LINE
  5
220
330
22
100
AcDbEntity
  8
F.Silkscreen
  6
CONTINUOUS
100
AcDbLine
 10
5.7003913385826772
 20
-3.8647569291338582
 30
0
 11
5.7006317322834645
 21
-3.8645959842519684
 31
0
  0
LINE
  5
221
330
22
100
AcDbEntity
  8
F.Silkscreen
  6
CONTINUOUS
100
AcDbLine
 10
5.7006317322834645
 20
-3.8645959842519684
 30
0
 11
5.7009183464566924
 21
-3.864538622047244
 31
0
  0
LINE
  5
222
330
22
100
AcDbEntity
  8
F.Silkscreen
  6
CONTINUOUS
100
AcDbLine
 10
5.7009183464566924
 20
-3.864538622047244
 30
0
 11
5.7011884645669291
 21
-3.8644267716535432
 31
0
  0
LINE
  5
223
330
22
100
AcDbEntity
  8
F.Silkscreen
  6
CONTINUOUS
100
AcDbLine
 10
5.7011884645669291
 20
-3.8644267716535432
 30
0
 11
5.7017583858267713
 21
-3.8643706299212597
 31
0
  0
LINE
  5
224
330
22
100
AcDbEntity
  8
F.Silkscreen
  6
CONTINUOUS
100
AcDbLine
 10
5.7017583858267713
 20
-3.8643706299212597
 30
0
 11
5.7017614173228344
 21
-3.8643700393700788
 31
0
  0
LINE
  5
225
330
22
100
AcDbEntity
  8
F.Silkscreen
  6
CONTINUOUS
100
AcDbLine
 10
5.7017614173228344
 20
-3.8643700393700788
 30
0
 11
5.7017624409448819
 21
-3.8643702362204722
 31
0
  0
LINE
  5
226
330
22
100
AcDbEntity
  8
F.Silkscreen
  6
CONTINUOUS
100
AcDbLine
 10
5.7017624409448819
 20
-3.8643702362204722
 30
0
 11
5.7017645275590549
 21
-3.8643700393700788
 31
0
  0
LINE
  5
227
330
22
100
AcDbEntity
  8
F.Silkscreen
  6
CONTINUOUS
100
AcDbLine
 10
5.7017645275590549
 20
-3.8643700393700788
 30
0
 11
5.7381818503937003
 21
-3.8643700393700788
 31
0
  0
LINE
  5
228
330
22
100
AcDbEntity
  8
F.Silkscreen
  6
CONTINUOUS
100
AcDbLine
 10
5.7381818503937003
 20
-3.8643700393700788
 30
0
 11
5.7381818503937003
 21
-3.8560742125984251
 31
0
  0
LINE
  5
229
330
22
100
AcDbEntity
  8
F.Silkscreen
  6
CONTINUOUS
100
AcDbLine
 10
5.7381818503937003
 20
-3.8560742125984251
 30
0
 11
5.7382385826771651
 21
-3.8554981496062992
 31
0
  0
LINE
  5
22A
330
22
100
AcDbEntity
  8
F.Silkscreen
  6
CONTINUOUS
100
AcDbLine
 10
5.7382385826771651
 20
-3.8554981496062992
 30
0
 11
5.7386794881889767
 21
-3.8544337401574804
 31
0
  0
LINE
  5
22B
330
22
100
AcDbEntity
  8
F.Silkscreen
  6
CONTINUOUS
100
AcDbLine
 10
5.7386794881889767
 20
-3.8544337401574804
 30
0
 11
5.7394941338582672
 21
-3.853619094488189
 31
0
  0
LINE
  5
22C
330
22
100
AcDbEntity
  8
F.Silkscreen
  6
CONTINUOUS
100
AcDbLine
 10
5.7394941338582672
 20
-3.853619094488189
 30
0
 11
5.7405585433070865
 21
-3.8531781889763779
 31
0
  0
LINE
  5
22D
330
22
100
AcDbEntity
  8
F.Silkscreen
  6
CONTINUOUS
100
AcDbLine
 10
5.7405585433070865
 20
-3.8531781889763779
 30
0
 11
5.7417106692913382
 21
-3.8531781889763779
 31
0
  0
LINE
  5
22E
330
22
100
AcDbEntity
  8
F.Silkscreen
  6
CONTINUOUS
100
AcDbLine
 10
5.7417106692913382
 20
-3.8531781889763779
 30
0
 11
5.7427750787401575
 21
-3.853619094488189
 31
0
  0
LINE
  5
22F
330
22
100
AcDbEntity
  8
F.Silkscreen
  6
CONTINUOUS
100
AcDbLine
 10
5.6849381889763775
 20
-3.1871889370078739
 30
0
 11
5.6978563385826773
 21
-3.1886034251968502
 31
0
  0
LINE
  5
230
330
22
100
AcDbEntity
  8
F.Silkscreen
  6
CONTINUOUS
100
AcDbLine
 10
5.6978563385826773
 20
-3.1886034251968502
 30
0
 11
5.7105460236220473
 21
-3.1914056299212596
 31
0
  0
LINE
  5
231
330
22
100
AcDbEntity
  8
F.Silkscreen
  6
CONTINUOUS
100
AcDbLine
 10
5.7105460236220473
 20
-3.1914056299212596
 30
0
 11
5.7228585433070869
 21
-3.195562716535433
 31
0
  0
LINE
  5
232
330
22
100
AcDbEntity
  8
F.Silkscreen
  6
CONTINUOUS
100
AcDbLine
 10
5.7228585433070869
 20
-3.195562716535433
 30
0
 11
5.734649724409449
 21
-3.2010260236220471
 31
0
  0
LINE
  5
233
330
22
100
AcDbEntity
  8
F.Silkscreen
  6
CONTINUOUS
100
AcDbLine
 10
5.734649724409449
 20
-3.2010260236220471
 30
0
 11
5.7457814566929128
 21
-3.2077315748031494
 31
0
  0
LINE
  5
234
330
22
100
AcDbEntity
  8
F.Silkscreen
  6
CONTINUOUS
100
AcDbLine
 10
5.7457814566929128
 20
-3.2077315748031494
 30
0
 11
5.756123385826772
 21
-3.2156007874015748
 31
0
  0
LINE
  5
235
330
22
100
AcDbEntity
  8
F.Silkscreen
  6
CONTINUOUS
100
AcDbLine
 10
5.756123385826772
 20
-3.2156007874015748
 30
0
 11
5.7655543307086612
 21
-3.2245415354330706
 31
0
  0
LINE
  5
236
330
22
100
AcDbEntity
  8
F.Silkscreen
  6
CONTINUOUS
100
AcDbLine
 10
5.7655543307086612
 20
-3.2245415354330706
 30
0
 11
5.7739638976377954
 21
-3.234449094488189
 31
0
  0
LINE
  5
237
330
22
100
AcDbEntity
  8
F.Silkscreen
  6
CONTINUOUS
100
AcDbLine
 10
5.7739638976377954
 20
-3.234449094488189
 30
0
 11
5.7812535433070869
 21
-3.2452073622047242
 31
0
  0
LINE
  5
238
330
22
100
AcDbEntity
  8
F.Silkscreen
  6
CONTINUOUS
100
AcDbLine
 10
5.7812535433070869
 20
-3.2452073622047242
 30
0
 11
5.7873378740157477
 21
-3.2566904330708661
 31
0
  0
LINE
  5
239
330
22
100
AcDbEntity
  8
F.Silkscreen
  6
CONTINUOUS
100
AcDbLine
 10
5.7873378740157477
 20
-3.2566904330708661
 30
0
 11
5.7921456692913385
 21
-3.2687637401574801
 31
0
  0
LINE
  5
23A
330
22
100
AcDbEntity
  8
F.Silkscreen
  6
CONTINUOUS
100
AcDbLine
 10
5.7921456692913385
 20
-3.2687637401574801
 30
0
 11
5.7956206299212596
 21
-3.2812859055118109
 31
0
  0
LINE
  5
23B
330
22
100
AcDbEntity
  8
F.Silkscreen
  6
CONTINUOUS
100
AcDbLine
 10
5.7956206299212596
 20
-3.2812859055118109
 30
0
 11
5.7977220078740155
 21
-3.2941102755905511
 31
0
  0
LINE
  5
23C
330
22
100
AcDbEntity
  8
F.Silkscreen
  6
CONTINUOUS
100
AcDbLine
 10
5.7977220078740155
 20
-3.2941102755905511
 30
0
 11
5.7984251968503937
 21
-3.3070866141732282
 31
0
  0
LINE
  5
23D
330
22
100
AcDbEntity
  8
F.Silkscreen
  6
CONTINUOUS
100
AcDbLine
 10
5.7984251968503937
 20
-3.3070866141732282
 30
0
 11
5.7977220078740155
 21
-3.3200629527559053
 31
0
  0
LINE
  5
23E
330
22
100
AcDbEntity
  8
F.Silkscreen
  6
CONTINUOUS
100
AcDbLine
 10
5.7977220078740155
 20
-3.3200629527559053
 30
0
 11
5.7956206299212596
 21
-3.3328873228346456
 31
0
  0
LINE
  5
23F
330
22
100
AcDbEntity
  8
F.Silkscreen
  6
CONTINUOUS
100
AcDbLine
 10
5.7956206299212596
 20
-3.3328873228346456
 30
0
 11
5.7921456692913385
 21
-3.3454094881889764
 31
0
  0
LINE
  5
240
330
22
100
AcDbEntity
  8
F.Silkscreen
  6
CONTINUOUS
100
AcDbLine
 10
5.7921456692913385
 20
-3.3454094881889764
 30
0
 11
5.7873378740157477
 21
-3.3574827952755903
 31
0
  0
LINE
  5
241
330
22
100
AcDbEntity
  8
F.Silkscreen
  6
CONTINUOUS
100
AcDbLine
 10
5.7873378740157477
 20
-3.3574827952755903
 30
0
 11
5.7812535433070869
 21
-3.3689658661417323
 31
0
  0
LINE
  5
242
330
22
100
AcDbEntity
  8
F.Silkscreen
  6
CONTINUOUS
100
AcDbLine
 10
5.7812535433070869
 20
-3.3689658661417323
 30
0
 11
5.7739638976377954
 21
-3.3797241338582675
 31
0
  0
LINE
  5
243
330
22
100
AcDbEntity
  8
F.Silkscreen
  6
CONTINUOUS
100
AcDbLine
 10
5.7739638976377954
 20
-3.3797241338582675
 30
0
 11
5.7655543307086612
 21
-3.3896316929133858
 31
0
  0
LINE
  5
244
330
22
100
AcDbEntity
  8
F.Silkscreen
  6
CONTINUOUS
100
AcDbLine
 10
5.7655543307086612
 20
-3.3896316929133858
 30
0
 11
5.756123385826772
 21
-3.3985724409448816
 31
0
  0
LINE
  5
245
330
22
100
AcDbEntity
  8
F.Silkscreen
  6
CONTINUOUS
100
AcDbLine
 10
5.756123385826772
 20
-3.3985724409448816
 30
0
 11
5.7457814566929128
 21
-3.4064416535433071
 31
0
  0
LINE
  5
246
330
22
100
AcDbEntity
  8
F.Silkscreen
  6
CONTINUOUS
100
AcDbLine
 10
5.7457814566929128
 20
-3.4064416535433071
 30
0
 11
5.734649724409449
 21
-3.4131472047244094
 31
0
  0
LINE
  5
247
330
22
100
AcDbEntity
  8
F.Silkscreen
  6
CONTINUOUS
100
AcDbLine
 10
5.734649724409449
 20
-3.4131472047244094
 30
0
 11
5.7228585433070869
 21
-3.4186105118110235
 31
0
  0
LINE
  5
248
330
22
100
AcDbEntity
  8
F.Silkscreen
  6
CONTINUOUS
100
AcDbLine
 10
5.7228585433070869
 20
-3.4186105118110235
 30
0
 11
5.7105460236220473
 21
-3.4227675984251968
 31
0
  0
LINE
  5
249
330
22
100
AcDbEntity
  8
F.Silkscreen
  6
CONTINUOUS
100
AcDbLine
 10
5.7105460236220473
 20
-3.4227675984251968
 30
0
 11
5.6978563385826773
 21
-3.4255698031496062
 31
0
  0
LINE
  5
24A
330
22
100
AcDbEntity
  8
F.Silkscreen
  6
CONTINUOUS
100
AcDbLine
 10
5.6978563385826773
 20
-3.4255698031496062
 30
0
 11
5.6849381889763775
 21
-3.4269842913385826
 31
0
  0
LINE
  5
24B
330
22
100
AcDbEntity
  8
F.Silkscreen
  6
CONTINUOUS
100
AcDbLine
 10
5.6849381889763775
 20
-3.4269842913385826
 30
0
 11
5.6719427952755908
 21
-3.4269944881889765
 31
0
  0
LINE
  5
24C
330
22
100
AcDbEntity
  8
F.Silkscreen
  6
CONTINUOUS
100
AcDbLine
 10
5.6719427952755908
 20
-3.4269944881889765
 30
0
 11
5.659022401574803
 21
-3.425600275590551
 31
0
  0
LINE
  5
24D
330
22
100
AcDbEntity
  8
F.Silkscreen
  6
CONTINUOUS
100
AcDbLine
 10
5.659022401574803
 20
-3.425600275590551
 30
0
 11
5.6463283858267719
 21
-3.4228179921259843
 31
0
  0
LINE
  5
24E
330
22
100
AcDbEntity
  8
F.Silkscreen
  6
CONTINUOUS
100
AcDbLine
 10
5.6463283858267719
 20
-3.4228179921259843
 30
0
 11
5.6340093307086612
 21
-3.4186801968503935
 31
0
  0
LINE
  5
24F
330
22
100
AcDbEntity
  8
F.Silkscreen
  6
CONTINUOUS
100
AcDbLine
 10
5.6340093307086612
 20
-3.4186801968503935
 30
0
 11
5.6222096062992124
 21
-3.4132353543307086
 31
0
  0
LINE
  5
250
330
22
100
AcDbEntity
  8
F.Silkscreen
  6
CONTINUOUS
100
AcDbLine
 10
5.6222096062992124
 20
-3.4132353543307086
 30
0
 11
5.6110673622047242
 21
-3.4065472834645667
 31
0
  0
LINE
  5
251
330
22
100
AcDbEntity
  8
F.Silkscreen
  6
CONTINUOUS
100
AcDbLine
 10
5.6110673622047242
 20
-3.4065472834645667
 30
0
 11
5.60071311023622
 21
-3.3986942913385825
 31
0
  0
LINE
  5
252
330
22
100
AcDbEntity
  8
F.Silkscreen
  6
CONTINUOUS
100
AcDbLine
 10
5.60071311023622
 20
-3.3986942913385825
 30
0
 11
5.5912681496062993
 21
-3.3897683464566928
 31
0
  0
LINE
  5
253
330
22
100
AcDbEntity
  8
F.Silkscreen
  6
CONTINUOUS
100
AcDbLine
 10
5.5912681496062993
 20
-3.3897683464566928
 30
0
 11
5.5828430708661418
 21
-3.3798740157480314
 31
0
  0
LINE
  5
254
330
22
100
AcDbEntity
  8
F.Silkscreen
  6
CONTINUOUS
100
AcDbLine
 10
5.5828430708661418
 20
-3.3798740157480314
 30
0
 11
5.5755365748031496
 21
-3.3691271653543304
 31
0
  0
LINE
  5
255
330
22
100
AcDbEntity
  8
F.Silkscreen
  6
CONTINUOUS
100
AcDbLine
 10
5.5755365748031496
 20
-3.3691271653543304
 30
0
 11
5.5754910629921257
 21
-3.3689317716535432
 31
0
  0
LINE
  5
256
330
22
100
AcDbEntity
  8
F.Silkscreen
  6
CONTINUOUS
100
AcDbLine
 10
5.5754910629921257
 20
-3.3689317716535432
 30
0
 11
5.5753766535433069
 21
-3.3688173622047244
 31
0
  0
LINE
  5
257
330
22
100
AcDbEntity
  8
F.Silkscreen
  6
CONTINUOUS
100
AcDbLine
 10
5.5753766535433069
 20
-3.3688173622047244
 30
0
 11
5.5751968503937004
 21
-3.3679133858267716
 31
0
  0
LINE
  5
258
330
22
100
AcDbEntity
  8
F.Silkscreen
  6
CONTINUOUS
100
AcDbLine
 10
5.5751968503937004
 20
-3.3679133858267716
 30
0
 11
5.5751968503937004
 21
-3.2462598425196849
 31
0
  0
LINE
  5
259
330
22
100
AcDbEntity
  8
F.Silkscreen
  6
CONTINUOUS
100
AcDbLine
 10
5.5751968503937004
 20
-3.2462598425196849
 30
0
 11
5.5753766535433069
 21
-3.2453558661417321
 31
0
  0
LINE
  5
25A
330
22
100
AcDbEntity
  8
F.Silkscreen
  6
CONTINUOUS
100
AcDbLine
 10
5.5753766535433069
 20
-3.2453558661417321
 30
0
 11
5.5754910629921257
 21
-3.2452414173228346
 31
0
  0
LINE
  5
25B
330
22
100
AcDbEntity
  8
F.Silkscreen
  6
CONTINUOUS
100
AcDbLine
 10
5.5754910629921257
 20
-3.2452414173228346
 30
0
 11
5.5755365748031496
 21
-3.2450460629921261
 31
0
  0
LINE
  5
25C
330
22
100
AcDbEntity
  8
F.Silkscreen
  6
CONTINUOUS
100
AcDbLine
 10
5.5755365748031496
 20
-3.2450460629921261
 30
0
 11
5.5828430708661418
 21
-3.2342992125984251
 31
0
  0
LINE
  5
25D
330
22
100
AcDbEntity
  8
F.Silkscreen
  6
CONTINUOUS
100
AcDbLine
 10
5.5828430708661418
 20
-3.2342992125984251
 30
0
 11
5.5912681496062993
 21
-3.2244048818897637
 31
0
  0
LINE
  5
25E
330
22
100
AcDbEntity
  8
F.Silkscreen
  6
CONTINUOUS
100
AcDbLine
 10
5.5912681496062993
 20
-3.2244048818897637
 30
0
 11
5.60071311023622
 21
-3.215478937007874
 31
0
  0
LINE
  5
25F
330
22
100
AcDbEntity
  8
F.Silkscreen
  6
CONTINUOUS
100
AcDbLine
 10
5.60071311023622
 20
-3.215478937007874
 30
0
 11
5.6110673622047242
 21
-3.2076259448818898
 31
0
  0
LINE
  5
260
330
22
100
AcDbEntity
  8
F.Silkscreen
  6
CONTINUOUS
100
AcDbLine
 10
5.6110673622047242
 20
-3.2076259448818898
 30
0
 11
5.6222096062992124
 21
-3.2009378740157479
 31
0
  0
LINE
  5
261
330
22
100
AcDbEntity
  8
F.Silkscreen
  6
CONTINUOUS
100
AcDbLine
 10
5.6222096062992124
 20
-3.2009378740157479
 30
0
 11
5.6340093307086612
 21
-3.195493031496063
 31
0
  0
LINE
  5
262
330
22
100
AcDbEntity
  8
F.Silkscreen
  6
CONTINUOUS
100
AcDbLine
 10
5.6340093307086612
 20
-3.195493031496063
 30
0
 11
5.6463283858267719
 21
-3.1913552362204722
 31
0
  0
LINE
  5
263
330
22
100
AcDbEntity
  8
F.Silkscreen
  6
CONTINUOUS
100
AcDbLine
 10
5.6463283858267719
 20
-3.1913552362204722
 30
0
 11
5.659022401574803
 21
-3.1885729527559055
 31
0
  0
LINE
  5
264
330
22
100
AcDbEntity
  8
F.Silkscreen
  6
CONTINUOUS
100
AcDbLine
 10
5.659022401574803
 20
-3.1885729527559055
 30
0
 11
5.6719427952755908
 21
-3.18717874015748
 31
0
  0
LINE
  5
265
330
22
100
AcDbEntity
  8
F.Silkscreen
  6
CONTINUOUS
100
AcDbLine
 10
5.6719427952755908
 20
-3.18717874015748
 30
0
 11
5.6849381889763775
 21
-3.1871889370078739
 31
0
  0
LINE
  5
266
330
22
100
AcDbEntity
  8
F.Silkscreen
  6
CONTINUOUS
100
AcDbLine
 10
5.6705562992125982
 20
-3.1918134251968504
 30
0
 11
5.6576096062992125
 21
-3.1934266929133859
 31
0
  0
LINE
  5
267
330
22
100
AcDbEntity
  8
F.Silkscreen
  6
CONTINUOUS
100
AcDbLine
 10
5.6576096062992125
 20
-3.1934266929133859
 30
0
 11
5.6449273228346453
 21
-3.1964893700787402
 31
0
  0
LINE
  5
268
330
22
100
AcDbEntity
  8
F.Silkscreen
  6
CONTINUOUS
100
AcDbLine
 10
5.6449273228346453
 20
-3.1964893700787402
 30
0
 11
5.6326712204724405
 21
-3.2009623228346458
 31
0
  0
LINE
  5
269
330
22
100
AcDbEntity
  8
F.Silkscreen
  6
CONTINUOUS
100
AcDbLine
 10
5.6326712204724405
 20
-3.2009623228346458
 30
0
 11
5.6209975590551178
 21
-3.2067885826771652
 31
0
  0
LINE
  5
26A
330
22
100
AcDbEntity
  8
F.Silkscreen
  6
CONTINUOUS
100
AcDbLine
 10
5.6209975590551178
 20
-3.2067885826771652
 30
0
 11
5.6100551968503938
 21
-3.2138938188976378
 31
0
  0
LINE
  5
26B
330
22
100
AcDbEntity
  8
F.Silkscreen
  6
CONTINUOUS
100
AcDbLine
 10
5.6100551968503938
 20
-3.2138938188976378
 30
0
 11
5.5999836614173226
 21
-3.2221874803149606
 31
0
  0
LINE
  5
26C
330
22
100
AcDbEntity
  8
F.Silkscreen
  6
CONTINUOUS
100
AcDbLine
 10
5.5999836614173226
 20
-3.2221874803149606
 30
0
 11
5.5909114173228343
 21
-3.2315637401574802
 31
0
  0
LINE
  5
26D
330
22
100
AcDbEntity
  8
F.Silkscreen
  6
CONTINUOUS
100
AcDbLine
 10
5.5909114173228343
 20
-3.2315637401574802
 30
0
 11
5.5829541338582676
 21
-3.2419030314960628
 31
0
  0
LINE
  5
26E
330
22
100
AcDbEntity
  8
F.Silkscreen
  6
CONTINUOUS
100
AcDbLine
 10
5.5829541338582676
 20
-3.2419030314960628
 30
0
 11
5.5799212598425196
 21
-3.246924527559055
 31
0
  0
LINE
  5
26F
330
22
100
AcDbEntity
  8
F.Silkscreen
  6
CONTINUOUS
100
AcDbLine
 10
5.5799212598425196
 20
-3.246924527559055
 30
0
 11
5.5799212598425196
 21
-3.2860936220472441
 31
0
  0
LINE
  5
270
330
22
100
AcDbEntity
  8
F.Silkscreen
  6
CONTINUOUS
100
AcDbLine
 10
5.5799212598425196
 20
-3.2860936220472441
 30
0
 11
5.58149811023622
 21
-3.2791850787401575
 31
0
  0
LINE
  5
271
330
22
100
AcDbEntity
  8
F.Silkscreen
  6
CONTINUOUS
100
AcDbLine
 10
5.58149811023622
 20
-3.2791850787401575
 30
0
 11
5.5852310236220468
 21
-3.2685169291338583
 31
0
  0
LINE
  5
272
330
22
100
AcDbEntity
  8
F.Silkscreen
  6
CONTINUOUS
100
AcDbLine
 10
5.5852310236220468
 20
-3.2685169291338583
 30
0
 11
5.5901349606299213
 21
-3.2583338582677164
 31
0
  0
LINE
  5
273
330
22
100
AcDbEntity
  8
F.Silkscreen
  6
CONTINUOUS
100
AcDbLine
 10
5.5901349606299213
 20
-3.2583338582677164
 30
0
 11
5.596148188976378
 21
-3.2487638188976375
 31
0
  0
LINE
  5
274
330
22
100
AcDbEntity
  8
F.Silkscreen
  6
CONTINUOUS
100
AcDbLine
 10
5.596148188976378
 20
-3.2487638188976375
 30
0
 11
5.6031951181102357
 21
-3.2399272834645667
 31
0
  0
LINE
  5
275
330
22
100
AcDbEntity
  8
F.Silkscreen
  6
CONTINUOUS
100
AcDbLine
 10
5.6031951181102357
 20
-3.2399272834645667
 30
0
 11
5.6111871259842516
 21
-3.2319352755905513
 31
0
  0
LINE
  5
276
330
22
100
AcDbEntity
  8
F.Silkscreen
  6
CONTINUOUS
100
AcDbLine
 10
5.6111871259842516
 20
-3.2319352755905513
 30
0
 11
5.6200236614173225
 21
-3.2248883464566926
 31
0
  0
LINE
  5
277
330
22
100
AcDbEntity
  8
F.Silkscreen
  6
CONTINUOUS
100
AcDbLine
 10
5.6200236614173225
 20
-3.2248883464566926
 30
0
 11
5.6295937007874013
 21
-3.218875118110236
 31
0
  0
LINE
  5
278
330
22
100
AcDbEntity
  8
F.Silkscreen
  6
CONTINUOUS
100
AcDbLine
 10
5.6295937007874013
 20
-3.218875118110236
 30
0
 11
5.6397767716535432
 21
-3.2139711811023624
 31
0
  0
LINE
  5
279
330
22
100
AcDbEntity
  8
F.Silkscreen
  6
CONTINUOUS
100
AcDbLine
 10
5.6397767716535432
 20
-3.2139711811023624
 30
0
 11
5.650444921259842
 21
-3.2102382677165355
 31
0
  0
LINE
  5
27A
330
22
100
AcDbEntity
  8
F.Silkscreen
  6
CONTINUOUS
100
AcDbLine
 10
5.650444921259842
 20
-3.2102382677165355
 30
0
 11
5.6614639370078743
 21
-3.2077232283464565
 31
0
  0
LINE
  5
27B
330
22
100
AcDbEntity
  8
F.Silkscreen
  6
CONTINUOUS
100
AcDbLine
 10
5.6614639370078743
 20
-3.2077232283464565
 30
0
 11
5.6726952755905513
 21
-3.2064577559055119
 31
0
  0
LINE
  5
27C
330
22
100
AcDbEntity
  8
F.Silkscreen
  6
CONTINUOUS
100
AcDbLine
 10
5.6726952755905513
 20
-3.2064577559055119
 30
0
 11
5.6839976377952759
 21
-3.2064577559055119
 31
0
  0
LINE
  5
27D
330
22
100
AcDbEntity
  8
F.Silkscreen
  6
CONTINUOUS
100
AcDbLine
 10
5.6839976377952759
 20
-3.2064577559055119
 30
0
 11
5.6952289763779529
 21
-3.2077232283464565
 31
0
  0
LINE
  5
27E
330
22
100
AcDbEntity
  8
F.Silkscreen
  6
CONTINUOUS
100
AcDbLine
 10
5.6952289763779529
 20
-3.2077232283464565
 30
0
 11
5.7062479921259843
 21
-3.2102382677165355
 31
0
  0
LINE
  5
27F
330
22
100
AcDbEntity
  8
F.Silkscreen
  6
CONTINUOUS
100
AcDbLine
 10
5.7062479921259843
 20
-3.2102382677165355
 30
0
 11
5.7169161417322831
 21
-3.2139711811023624
 31
0
  0
LINE
  5
280
330
22
100
AcDbEntity
  8
F.Silkscreen
  6
CONTINUOUS
100
AcDbLine
 10
5.7169161417322831
 20
-3.2139711811023624
 30
0
 11
5.727099212598425
 21
-3.218875118110236
 31
0
  0
LINE
  5
281
330
22
100
AcDbEntity
  8
F.Silkscreen
  6
CONTINUOUS
100
AcDbLine
 10
5.727099212598425
 20
-3.218875118110236
 30
0
 11
5.7366692519685039
 21
-3.2248883464566926
 31
0
  0
LINE
  5
282
330
22
100
AcDbEntity
  8
F.Silkscreen
  6
CONTINUOUS
100
AcDbLine
 10
5.7366692519685039
 20
-3.2248883464566926
 30
0
 11
5.7455057874015747
 21
-3.2319352755905513
 31
0
  0
LINE
  5
283
330
22
100
AcDbEntity
  8
F.Silkscreen
  6
CONTINUOUS
100
AcDbLine
 10
5.7455057874015747
 20
-3.2319352755905513
 30
0
 11
5.7534977952755906
 21
-3.2399272834645667
 31
0
  0
LINE
  5
284
330
22
100
AcDbEntity
  8
F.Silkscreen
  6
CONTINUOUS
100
AcDbLine
 10
5.7534977952755906
 20
-3.2399272834645667
 30
0
 11
5.7605447244094483
 21
-3.2487638188976375
 31
0
  0
LINE
  5
285
330
22
100
AcDbEntity
  8
F.Silkscreen
  6
CONTINUOUS
100
AcDbLine
 10
5.7605447244094483
 20
-3.2487638188976375
 30
0
 11
5.766557952755905
 21
-3.2583338582677164
 31
0
  0
LINE
  5
286
330
22
100
AcDbEntity
  8
F.Silkscreen
  6
CONTINUOUS
100
AcDbLine
 10
5.766557952755905
 20
-3.2583338582677164
 30
0
 11
5.7714618897637795
 21
-3.2685169291338583
 31
0
  0
LINE
  5
287
330
22
100
AcDbEntity
  8
F.Silkscreen
  6
CONTINUOUS
100
AcDbLine
 10
5.7714618897637795
 20
-3.2685169291338583
 30
0
 11
5.7751948031496063
 21
-3.2791850787401575
 31
0
  0
LINE
  5
288
330
22
100
AcDbEntity
  8
F.Silkscreen
  6
CONTINUOUS
100
AcDbLine
 10
5.7751948031496063
 20
-3.2791850787401575
 30
0
 11
5.7777098425196849
 21
-3.290204094488189
 31
0
  0
LINE
  5
289
330
22
100
AcDbEntity
  8
F.Silkscreen
  6
CONTINUOUS
100
AcDbLine
 10
5.7777098425196849
 20
-3.290204094488189
 30
0
 11
5.77897531496063
 21
-3.301435433070866
 31
0
  0
LINE
  5
28A
330
22
100
AcDbEntity
  8
F.Silkscreen
  6
CONTINUOUS
100
AcDbLine
 10
5.77897531496063
 20
-3.301435433070866
 30
0
 11
5.77897531496063
 21
-3.3127377952755905
 31
0
  0
LINE
  5
28B
330
22
100
AcDbEntity
  8
F.Silkscreen
  6
CONTINUOUS
100
AcDbLine
 10
5.77897531496063
 20
-3.3127377952755905
 30
0
 11
5.7777098425196849
 21
-3.3239691338582675
 31
0
  0
LINE
  5
28C
330
22
100
AcDbEntity
  8
F.Silkscreen
  6
CONTINUOUS
100
AcDbLine
 10
5.7777098425196849
 20
-3.3239691338582675
 30
0
 11
5.7751948031496063
 21
-3.334988149606299
 31
0
  0
LINE
  5
28D
330
22
100
AcDbEntity
  8
F.Silkscreen
  6
CONTINUOUS
100
AcDbLine
 10
5.7751948031496063
 20
-3.334988149606299
 30
0
 11
5.7714618897637795
 21
-3.3456562992125982
 31
0
  0
LINE
  5
28E
330
22
100
AcDbEntity
  8
F.Silkscreen
  6
CONTINUOUS
100
AcDbLine
 10
5.7714618897637795
 20
-3.3456562992125982
 30
0
 11
5.766557952755905
 21
-3.3558393700787401
 31
0
  0
LINE
  5
28F
330
22
100
AcDbEntity
  8
F.Silkscreen
  6
CONTINUOUS
100
AcDbLine
 10
5.766557952755905
 20
-3.3558393700787401
 30
0
 11
5.7605447244094483
 21
-3.3654094094488189
 31
0
  0
LINE
  5
290
330
22
100
AcDbEntity
  8
F.Silkscreen
  6
CONTINUOUS
100
AcDbLine
 10
5.7605447244094483
 20
-3.3654094094488189
 30
0
 11
5.7534977952755906
 21
-3.3742459448818898
 31
0
  0
LINE
  5
291
330
22
100
AcDbEntity
  8
F.Silkscreen
  6
CONTINUOUS
100
AcDbLine
 10
5.7534977952755906
 20
-3.3742459448818898
 30
0
 11
5.7455057874015747
 21
-3.3822379527559052
 31
0
  0
LINE
  5
292
330
22
100
AcDbEntity
  8
F.Silkscreen
  6
CONTINUOUS
100
AcDbLine
 10
5.7455057874015747
 20
-3.3822379527559052
 30
0
 11
5.7366692519685039
 21
-3.3892848818897638
 31
0
  0
LINE
  5
293
330
22
100
AcDbEntity
  8
F.Silkscreen
  6
CONTINUOUS
100
AcDbLine
 10
5.7366692519685039
 20
-3.3892848818897638
 30
0
 11
5.727099212598425
 21
-3.3952981102362205
 31
0
  0
LINE
  5
294
330
22
100
AcDbEntity
  8
F.Silkscreen
  6
CONTINUOUS
100
AcDbLine
 10
5.727099212598425
 20
-3.3952981102362205
 30
0
 11
5.7169161417322831
 21
-3.4002020472440946
 31
0
  0
LINE
  5
295
330
22
100
AcDbEntity
  8
F.Silkscreen
  6
CONTINUOUS
100
AcDbLine
 10
5.7169161417322831
 20
-3.4002020472440946
 30
0
 11
5.7062479921259843
 21
-3.4039349606299214
 31
0
  0
LINE
  5
296
330
22
100
AcDbEntity
  8
F.Silkscreen
  6
CONTINUOUS
100
AcDbLine
 10
5.7062479921259843
 20
-3.4039349606299214
 30
0
 11
5.6952289763779529
 21
-3.40645
 31
0
  0
LINE
  5
297
330
22
100
AcDbEntity
  8
F.Silkscreen
  6
CONTINUOUS
100
AcDbLine
 10
5.6952289763779529
 20
-3.40645
 30
0
 11
5.6839976377952759
 21
-3.4077154724409446
 31
0
  0
LINE
  5
298
330
22
100
AcDbEntity
  8
F.Silkscreen
  6
CONTINUOUS
100
AcDbLine
 10
5.6839976377952759
 20
-3.4077154724409446
 30
0
 11
5.6726952755905513
 21
-3.4077154724409446
 31
0
  0
LINE
  5
299
330
22
100
AcDbEntity
  8
F.Silkscreen
  6
CONTINUOUS
100
AcDbLine
 10
5.6726952755905513
 20
-3.4077154724409446
 30
0
 11
5.6614639370078743
 21
-3.40645
 31
0
  0
LINE
  5
29A
330
22
100
AcDbEntity
  8
F.Silkscreen
  6
CONTINUOUS
100
AcDbLine
 10
5.6614639370078743
 20
-3.40645
 30
0
 11
5.650444921259842
 21
-3.4039349606299214
 31
0
  0
LINE
  5
29B
330
22
100
AcDbEntity
  8
F.Silkscreen
  6
CONTINUOUS
100
AcDbLine
 10
5.650444921259842
 20
-3.4039349606299214
 30
0
 11
5.6397767716535432
 21
-3.4002020472440946
 31
0
  0
LINE
  5
29C
330
22
100
AcDbEntity
  8
F.Silkscreen
  6
CONTINUOUS
100
AcDbLine
 10
5.6397767716535432
 20
-3.4002020472440946
 30
0
 11
5.6295937007874013
 21
-3.3952981102362205
 31
0
  0
LINE
  5
29D
330
22
100
AcDbEntity
  8
F.Silkscreen
  6
CONTINUOUS
100
AcDbLine
 10
5.6295937007874013
 20
-3.3952981102362205
 30
0
 11
5.6200236614173225
 21
-3.3892848818897638
 31
0
  0
LINE
  5
29E
330
22
100
AcDbEntity
  8
F.Silkscreen
  6
CONTINUOUS
100
AcDbLine
 10
5.6200236614173225
 20
-3.3892848818897638
 30
0
 11
5.6111871259842516
 21
-3.3822379527559052
 31
0
  0
LINE
  5
29F
330
22
100
AcDbEntity
  8
F.Silkscreen
  6
CONTINUOUS
100
AcDbLine
 10
5.6111871259842516
 20
-3.3822379527559052
 30
0
 11
5.6031951181102357
 21
-3.3742459448818898
 31
0
  0
LINE
  5
2A0
330
22
100
AcDbEntity
  8
F.Silkscreen
  6
CONTINUOUS
100
AcDbLine
 10
5.6031951181102357
 20
-3.3742459448818898
 30
0
 11
5.596148188976378
 21
-3.3654094094488189
 31
0
  0
LINE
  5
2A1
330
22
100
AcDbEntity
  8
F.Silkscreen
  6
CONTINUOUS
100
AcDbLine
 10
5.596148188976378
 20
-3.3654094094488189
 30
0
 11
5.5901349606299213
 21
-3.3558393700787401
 31
0
  0
LINE
  5
2A2
330
22
100
AcDbEntity
  8
F.Silkscreen
  6
CONTINUOUS
100
AcDbLine
 10
5.5901349606299213
 20
-3.3558393700787401
 30
0
 11
5.5852310236220468
 21
-3.3456562992125982
 31
0
  0
LINE
  5
2A3
330
22
100
AcDbEntity
  8
F.Silkscreen
  6
CONTINUOUS
100
AcDbLine
 10
5.5852310236220468
 20
-3.3456562992125982
 30
0
 11
5.58149811023622
 21
-3.334988149606299
 31
0
  0
LINE
  5
2A4
330
22
100
AcDbEntity
  8
F.Silkscreen
  6
CONTINUOUS
100
AcDbLine
 10
5.58149811023622
 20
-3.334988149606299
 30
0
 11
5.5799212598425196
 21
-3.3280795669291336
 31
0
  0
LINE
  5
2A5
330
22
100
AcDbEntity
  8
F.Silkscreen
  6
CONTINUOUS
100
AcDbLine
 10
5.5799212598425196
 20
-3.3280795669291336
 30
0
 11
5.5799212598425196
 21
-3.3672486614173227
 31
0
  0
LINE
  5
2A6
330
22
100
AcDbEntity
  8
F.Silkscreen
  6
CONTINUOUS
100
AcDbLine
 10
5.5799212598425196
 20
-3.3672486614173227
 30
0
 11
5.5829541338582676
 21
-3.3722701968503936
 31
0
  0
LINE
  5
2A7
330
22
100
AcDbEntity
  8
F.Silkscreen
  6
CONTINUOUS
100
AcDbLine
 10
5.5829541338582676
 20
-3.3722701968503936
 30
0
 11
5.5909114173228343
 21
-3.3826094881889763
 31
0
  0
LINE
  5
2A8
330
22
100
AcDbEntity
  8
F.Silkscreen
  6
CONTINUOUS
100
AcDbLine
 10
5.5909114173228343
 20
-3.3826094881889763
 30
0
 11
5.5999836614173226
 21
-3.3919857480314959
 31
0
  0
LINE
  5
2A9
330
22
100
AcDbEntity
  8
F.Silkscreen
  6
CONTINUOUS
100
AcDbLine
 10
5.5999836614173226
 20
-3.3919857480314959
 30
0
 11
5.6100551968503938
 21
-3.4002794094488187
 31
0
  0
LINE
  5
2AA
330
22
100
AcDbEntity
  8
F.Silkscreen
  6
CONTINUOUS
100
AcDbLine
 10
5.6100551968503938
 20
-3.4002794094488187
 30
0
 11
5.6209975590551178
 21
-3.4073846456692913
 31
0
  0
LINE
  5
2AB
330
22
100
AcDbEntity
  8
F.Silkscreen
  6
CONTINUOUS
100
AcDbLine
 10
5.6209975590551178
 20
-3.4073846456692913
 30
0
 11
5.6326712204724405
 21
-3.4132109055118112
 31
0
  0
LINE
  5
2AC
330
22
100
AcDbEntity
  8
F.Silkscreen
  6
CONTINUOUS
100
AcDbLine
 10
5.6326712204724405
 20
-3.4132109055118112
 30
0
 11
5.6449273228346453
 21
-3.4176838582677163
 31
0
  0
LINE
  5
2AD
330
22
100
AcDbEntity
  8
F.Silkscreen
  6
CONTINUOUS
100
AcDbLine
 10
5.6449273228346453
 20
-3.4176838582677163
 30
0
 11
5.6576096062992125
 21
-3.4207465354330706
 31
0
  0
LINE
  5
2AE
330
22
100
AcDbEntity
  8
F.Silkscreen
  6
CONTINUOUS
100
AcDbLine
 10
5.6576096062992125
 20
-3.4207465354330706
 30
0
 11
5.6705562992125982
 21
-3.4223598031496061
 31
0
  0
LINE
  5
2AF
330
22
100
AcDbEntity
  8
F.Silkscreen
  6
CONTINUOUS
100
AcDbLine
 10
5.6705562992125982
 20
-3.4223598031496061
 30
0
 11
5.6836023622047245
 21
-3.4225031102362204
 31
0
  0
LINE
  5
2B0
330
22
100
AcDbEntity
  8
F.Silkscreen
  6
CONTINUOUS
100
AcDbLine
 10
5.6836023622047245
 20
-3.4225031102362204
 30
0
 11
5.6965813779527554
 21
-3.4211746456692911
 31
0
  0
LINE
  5
2B1
330
22
100
AcDbEntity
  8
F.Silkscreen
  6
CONTINUOUS
100
AcDbLine
 10
5.6965813779527554
 20
-3.4211746456692911
 30
0
 11
5.7093278740157478
 21
-3.4183913385826772
 31
0
  0
LINE
  5
2B2
330
22
100
AcDbEntity
  8
F.Silkscreen
  6
CONTINUOUS
100
AcDbLine
 10
5.7093278740157478
 20
-3.4183913385826772
 30
0
 11
5.7216792913385826
 21
-3.4141887007874017
 31
0
  0
LINE
  5
2B3
330
22
100
AcDbEntity
  8
F.Silkscreen
  6
CONTINUOUS
100
AcDbLine
 10
5.7216792913385826
 20
-3.4141887007874017
 30
0
 11
5.7334781496062988
 21
-3.40862031496063
 31
0
  0
LINE
  5
2B4
330
22
100
AcDbEntity
  8
F.Silkscreen
  6
CONTINUOUS
100
AcDbLine
 10
5.7334781496062988
 20
-3.40862031496063
 30
0
 11
5.7445739763779526
 21
-3.4017571653543306
 31
0
  0
LINE
  5
2B5
330
22
100
AcDbEntity
  8
F.Silkscreen
  6
CONTINUOUS
100
AcDbLine
 10
5.7445739763779526
 20
-3.4017571653543306
 30
0
 11
5.7548252362204719
 21
-3.393686771653543
 31
0
  0
LINE
  5
2B6
330
22
100
AcDbEntity
  8
F.Silkscreen
  6
CONTINUOUS
100
AcDbLine
 10
5.7548252362204719
 20
-3.393686771653543
 30
0
 11
5.764101299212598
 21
-3.3845120866141731
 31
0
  0
LINE
  5
2B7
330
22
100
AcDbEntity
  8
F.Silkscreen
  6
CONTINUOUS
100
AcDbLine
 10
5.764101299212598
 20
-3.3845120866141731
 30
0
 11
5.7722837795275588
 21
-3.3743500787401572
 31
0
  0
LINE
  5
2B8
330
22
100
AcDbEntity
  8
F.Silkscreen
  6
CONTINUOUS
100
AcDbLine
 10
5.7722837795275588
 20
-3.3743500787401572
 30
0
 11
5.7792683858267715
 21
-3.36333031496063
 31
0
  0
LINE
  5
2B9
330
22
100
AcDbEntity
  8
F.Silkscreen
  6
CONTINUOUS
100
AcDbLine
 10
5.7792683858267715
 20
-3.36333031496063
 30
0
 11
5.784966062992126
 21
-3.3515933464566929
 31
0
  0
LINE
  5
2BA
330
22
100
AcDbEntity
  8
F.Silkscreen
  6
CONTINUOUS
100
AcDbLine
 10
5.784966062992126
 20
-3.3515933464566929
 30
0
 11
5.7893041338582671
 21
-3.3392888188976375
 31
0
  0
LINE
  5
2BB
330
22
100
AcDbEntity
  8
F.Silkscreen
  6
CONTINUOUS
100
AcDbLine
 10
5.7893041338582671
 20
-3.3392888188976375
 30
0
 11
5.7922272834645669
 21
-3.3265736614173229
 31
0
  0
LINE
  5
2BC
330
22
100
AcDbEntity
  8
F.Silkscreen
  6
CONTINUOUS
100
AcDbLine
 10
5.7922272834645669
 20
-3.3265736614173229
 30
0
 11
5.7936982677165352
 21
-3.3136100393700785
 31
0
  0
LINE
  5
2BD
330
22
100
AcDbEntity
  8
F.Silkscreen
  6
CONTINUOUS
100
AcDbLine
 10
5.7936982677165352
 20
-3.3136100393700785
 30
0
 11
5.7937007874015745
 21
-3.3070866141732282
 31
0
  0
LINE
  5
2BE
330
22
100
AcDbEntity
  8
F.Silkscreen
  6
CONTINUOUS
100
AcDbLine
 10
5.7937007874015745
 20
-3.3070866141732282
 30
0
 11
5.7936982677165352
 21
-3.300563188976378
 31
0
  0
LINE
  5
2BF
330
22
100
AcDbEntity
  8
F.Silkscreen
  6
CONTINUOUS
100
AcDbLine
 10
5.7936982677165352
 20
-3.300563188976378
 30
0
 11
5.7922272834645669
 21
-3.2875995669291336
 31
0
  0
LINE
  5
2C0
330
22
100
AcDbEntity
  8
F.Silkscreen
  6
CONTINUOUS
100
AcDbLine
 10
5.7922272834645669
 20
-3.2875995669291336
 30
0
 11
5.7893041338582671
 21
-3.274884409448819
 31
0
  0
LINE
  5
2C1
330
22
100
AcDbEntity
  8
F.Silkscreen
  6
CONTINUOUS
100
AcDbLine
 10
5.7893041338582671
 20
-3.274884409448819
 30
0
 11
5.784966062992126
 21
-3.2625798818897636
 31
0
  0
LINE
  5
2C2
330
22
100
AcDbEntity
  8
F.Silkscreen
  6
CONTINUOUS
100
AcDbLine
 10
5.784966062992126
 20
-3.2625798818897636
 30
0
 11
5.7792683858267715
 21
-3.2508429133858265
 31
0
  0
LINE
  5
2C3
330
22
100
AcDbEntity
  8
F.Silkscreen
  6
CONTINUOUS
100
AcDbLine
 10
5.7792683858267715
 20
-3.2508429133858265
 30
0
 11
5.7722837795275588
 21
-3.2398231496062992
 31
0
  0
LINE
  5
2C4
330
22
100
AcDbEntity
  8
F.Silkscreen
  6
CONTINUOUS
100
AcDbLine
 10
5.7722837795275588
 20
-3.2398231496062992
 30
0
 11
5.764101299212598
 21
-3.2296611417322834
 31
0
  0
LINE
  5
2C5
330
22
100
AcDbEntity
  8
F.Silkscreen
  6
CONTINUOUS
100
AcDbLine
 10
5.764101299212598
 20
-3.2296611417322834
 30
0
 11
5.7548252362204719
 21
-3.2204864566929134
 31
0
  0
LINE
  5
2C6
330
22
100
AcDbEntity
  8
F.Silkscreen
  6
CONTINUOUS
100
AcDbLine
 10
5.7548252362204719
 20
-3.2204864566929134
 30
0
 11
5.7445739763779526
 21
-3.2124160629921259
 31
0
  0
LINE
  5
2C7
330
22
100
AcDbEntity
  8
F.Silkscreen
  6
CONTINUOUS
100
AcDbLine
 10
5.7445739763779526
 20
-3.2124160629921259
 30
0
 11
5.7334781496062988
 21
-3.2055529133858265
 31
0
  0
LINE
  5
2C8
330
22
100
AcDbEntity
  8
F.Silkscreen
  6
CONTINUOUS
100
AcDbLine
 10
5.7334781496062988
 20
-3.2055529133858265
 30
0
 11
5.7216792913385826
 21
-3.1999845275590548
 31
0
  0
LINE
  5
2C9
330
22
100
AcDbEntity
  8
F.Silkscreen
  6
CONTINUOUS
100
AcDbLine
 10
5.7216792913385826
 20
-3.1999845275590548
 30
0
 11
5.7093278740157478
 21
-3.1957818897637793
 31
0
  0
LINE
  5
2CA
330
22
100
AcDbEntity
  8
F.Silkscreen
  6
CONTINUOUS
100
AcDbLine
 10
5.7093278740157478
 20
-3.1957818897637793
 30
0
 11
5.6965813779527554
 21
-3.1929985826771654
 31
0
  0
LINE
  5
2CB
330
22
100
AcDbEntity
  8
F.Silkscreen
  6
CONTINUOUS
100
AcDbLine
 10
5.6965813779527554
 20
-3.1929985826771654
 30
0
 11
5.6836023622047245
 21
-3.191670118110236
 31
0
  0
LINE
  5
2CC
330
22
100
AcDbEntity
  8
F.Silkscreen
  6
CONTINUOUS
100
AcDbLine
 10
5.6836023622047245
 20
-3.191670118110236
 30
0
 11
5.6705562992125982
 21
-3.1918134251968504
 31
0
  0
LINE
  5
2CD
330
22
100
AcDbEntity
  8
F.Silkscreen
  6
CONTINUOUS
100
AcDbLine
 10
5.6622299606299213
 20
-3.2122316535433071
 30
0
 11
5.6517109055118109
 21
-3.2146325590551181
 31
0
  0
LINE
  5
2CE
330
22
100
AcDbEntity
  8
F.Silkscreen
  6
CONTINUOUS
100
AcDbLine
 10
5.6517109055118109
 20
-3.2146325590551181
 30
0
 11
5.6415268110236223
 21
-3.2181961417322835
 31
0
  0
LINE
  5
2CF
330
22
100
AcDbEntity
  8
F.Silkscreen
  6
CONTINUOUS
100
AcDbLine
 10
5.6415268110236223
 20
-3.2181961417322835
 30
0
 11
5.6318057480314963
 21
-3.2228775590551182
 31
0
  0
LINE
  5
2D0
330
22
100
AcDbEntity
  8
F.Silkscreen
  6
CONTINUOUS
100
AcDbLine
 10
5.6318057480314963
 20
-3.2228775590551182
 30
0
 11
5.6226699606299215
 21
-3.2286179527559056
 31
0
  0
LINE
  5
2D1
330
22
100
AcDbEntity
  8
F.Silkscreen
  6
CONTINUOUS
100
AcDbLine
 10
5.6226699606299215
 20
-3.2286179527559056
 30
0
 11
5.6142343307086611
 21
-3.235345118110236
 31
0
  0
LINE
  5
2D2
330
22
100
AcDbEntity
  8
F.Silkscreen
  6
CONTINUOUS
100
AcDbLine
 10
5.6142343307086611
 20
-3.235345118110236
 30
0
 11
5.6066049606299213
 21
-3.2429744881889762
 31
0
  0
LINE
  5
2D3
330
22
100
AcDbEntity
  8
F.Silkscreen
  6
CONTINUOUS
100
AcDbLine
 10
5.6066049606299213
 20
-3.2429744881889762
 30
0
 11
5.5998777952755905
 21
-3.2514101181102362
 31
0
  0
LINE
  5
2D4
330
22
100
AcDbEntity
  8
F.Silkscreen
  6
CONTINUOUS
100
AcDbLine
 10
5.5998777952755905
 20
-3.2514101181102362
 30
0
 11
5.5941374015748027
 21
-3.2605459055118109
 31
0
  0
LINE
  5
2D5
330
22
100
AcDbEntity
  8
F.Silkscreen
  6
CONTINUOUS
100
AcDbLine
 10
5.5941374015748027
 20
-3.2605459055118109
 30
0
 11
5.589455984251968
 21
-3.2702669685039369
 31
0
  0
LINE
  5
2D6
330
22
100
AcDbEntity
  8
F.Silkscreen
  6
CONTINUOUS
100
AcDbLine
 10
5.589455984251968
 20
-3.2702669685039369
 30
0
 11
5.585892401574803
 21
-3.280451062992126
 31
0
  0
LINE
  5
2D7
330
22
100
AcDbEntity
  8
F.Silkscreen
  6
CONTINUOUS
100
AcDbLine
 10
5.585892401574803
 20
-3.280451062992126
 30
0
 11
5.583491496062992
 21
-3.290970118110236
 31
0
  0
LINE
  5
2D8
330
22
100
AcDbEntity
  8
F.Silkscreen
  6
CONTINUOUS
100
AcDbLine
 10
5.583491496062992
 20
-3.290970118110236
 30
0
 11
5.5822834645669293
 21
-3.3016918503937007
 31
0
  0
LINE
  5
2D9
330
22
100
AcDbEntity
  8
F.Silkscreen
  6
CONTINUOUS
100
AcDbLine
 10
5.5822834645669293
 20
-3.3016918503937007
 30
0
 11
5.5822834645669293
 21
-3.3124813779527558
 31
0
  0
LINE
  5
2DA
330
22
100
AcDbEntity
  8
F.Silkscreen
  6
CONTINUOUS
100
AcDbLine
 10
5.5822834645669293
 20
-3.3124813779527558
 30
0
 11
5.583491496062992
 21
-3.3232031102362205
 31
0
  0
LINE
  5
2DB
330
22
100
AcDbEntity
  8
F.Silkscreen
  6
CONTINUOUS
100
AcDbLine
 10
5.583491496062992
 20
-3.3232031102362205
 30
0
 11
5.585892401574803
 21
-3.3337221653543305
 31
0
  0
LINE
  5
2DC
330
22
100
AcDbEntity
  8
F.Silkscreen
  6
CONTINUOUS
100
AcDbLine
 10
5.585892401574803
 20
-3.3337221653543305
 30
0
 11
5.589455984251968
 21
-3.3439062598425195
 31
0
  0
LINE
  5
2DD
330
22
100
AcDbEntity
  8
F.Silkscreen
  6
CONTINUOUS
100
AcDbLine
 10
5.589455984251968
 20
-3.3439062598425195
 30
0
 11
5.5941374015748027
 21
-3.3536273228346456
 31
0
  0
LINE
  5
2DE
330
22
100
AcDbEntity
  8
F.Silkscreen
  6
CONTINUOUS
100
AcDbLine
 10
5.5941374015748027
 20
-3.3536273228346456
 30
0
 11
5.5998777952755905
 21
-3.3627631102362203
 31
0
  0
LINE
  5
2DF
330
22
100
AcDbEntity
  8
F.Silkscreen
  6
CONTINUOUS
100
AcDbLine
 10
5.5998777952755905
 20
-3.3627631102362203
 30
0
 11
5.6066049606299213
 21
-3.3711987401574803
 31
0
  0
LINE
  5
2E0
330
22
100
AcDbEntity
  8
F.Silkscreen
  6
CONTINUOUS
100
AcDbLine
 10
5.6066049606299213
 20
-3.3711987401574803
 30
0
 11
5.6142343307086611
 21
-3.3788281102362205
 31
0
  0
LINE
  5
2E1
330
22
100
AcDbEntity
  8
F.Silkscreen
  6
CONTINUOUS
100
AcDbLine
 10
5.6142343307086611
 20
-3.3788281102362205
 30
0
 11
5.6226699606299215
 21
-3.3855552755905509
 31
0
  0
LINE
  5
2E2
330
22
100
AcDbEntity
  8
F.Silkscreen
  6
CONTINUOUS
100
AcDbLine
 10
5.6226699606299215
 20
-3.3855552755905509
 30
0
 11
5.6318057480314963
 21
-3.3912956692913383
 31
0
  0
LINE
  5
2E3
330
22
100
AcDbEntity
  8
F.Silkscreen
  6
CONTINUOUS
100
AcDbLine
 10
5.6318057480314963
 20
-3.3912956692913383
 30
0
 11
5.6415268110236223
 21
-3.395977086614173
 31
0
  0
LINE
  5
2E4
330
22
100
AcDbEntity
  8
F.Silkscreen
  6
CONTINUOUS
100
AcDbLine
 10
5.6415268110236223
 20
-3.395977086614173
 30
0
 11
5.6517109055118109
 21
-3.3995406692913384
 31
0
  0
LINE
  5
2E5
330
22
100
AcDbEntity
  8
F.Silkscreen
  6
CONTINUOUS
100
AcDbLine
 10
5.6517109055118109
 20
-3.3995406692913384
 30
0
 11
5.6622299606299213
 21
-3.4019415748031494
 31
0
  0
LINE
  5
2E6
330
22
100
AcDbEntity
  8
F.Silkscreen
  6
CONTINUOUS
100
AcDbLine
 10
5.6622299606299213
 20
-3.4019415748031494
 30
0
 11
5.6729516929133856
 21
-3.4031496062992126
 31
0
  0
LINE
  5
2E7
330
22
100
AcDbEntity
  8
F.Silkscreen
  6
CONTINUOUS
100
AcDbLine
 10
5.6729516929133856
 20
-3.4031496062992126
 30
0
 11
5.6837412204724407
 21
-3.4031496062992126
 31
0
  0
LINE
  5
2E8
330
22
100
AcDbEntity
  8
F.Silkscreen
  6
CONTINUOUS
100
AcDbLine
 10
5.6837412204724407
 20
-3.4031496062992126
 30
0
 11
5.694462952755905
 21
-3.4019415748031494
 31
0
  0
LINE
  5
2E9
330
22
100
AcDbEntity
  8
F.Silkscreen
  6
CONTINUOUS
100
AcDbLine
 10
5.694462952755905
 20
-3.4019415748031494
 30
0
 11
5.7049820078740154
 21
-3.3995406692913384
 31
0
  0
LINE
  5
2EA
330
22
100
AcDbEntity
  8
F.Silkscreen
  6
CONTINUOUS
100
AcDbLine
 10
5.7049820078740154
 20
-3.3995406692913384
 30
0
 11
5.7151661023622049
 21
-3.395977086614173
 31
0
  0
LINE
  5
2EB
330
22
100
AcDbEntity
  8
F.Silkscreen
  6
CONTINUOUS
100
AcDbLine
 10
5.7151661023622049
 20
-3.395977086614173
 30
0
 11
5.724887165354331
 21
-3.3912956692913383
 31
0
  0
LINE
  5
2EC
330
22
100
AcDbEntity
  8
F.Silkscreen
  6
CONTINUOUS
100
AcDbLine
 10
5.724887165354331
 20
-3.3912956692913383
 30
0
 11
5.7340229527559057
 21
-3.3855552755905509
 31
0
  0
LINE
  5
2ED
330
22
100
AcDbEntity
  8
F.Silkscreen
  6
CONTINUOUS
100
AcDbLine
 10
5.7340229527559057
 20
-3.3855552755905509
 30
0
 11
5.7424585826771652
 21
-3.3788281102362205
 31
0
  0
LINE
  5
2EE
330
22
100
AcDbEntity
  8
F.Silkscreen
  6
CONTINUOUS
100
AcDbLine
 10
5.7424585826771652
 20
-3.3788281102362205
 30
0
 11
5.750087952755905
 21
-3.3711987401574803
 31
0
  0
LINE
  5
2EF
330
22
100
AcDbEntity
  8
F.Silkscreen
  6
CONTINUOUS
100
AcDbLine
 10
5.750087952755905
 20
-3.3711987401574803
 30
0
 11
5.7568151181102358
 21
-3.3627631102362203
 31
0
  0
LINE
  5
2F0
330
22
100
AcDbEntity
  8
F.Silkscreen
  6
CONTINUOUS
100
AcDbLine
 10
5.7568151181102358
 20
-3.3627631102362203
 30
0
 11
5.7625555118110237
 21
-3.3536273228346456
 31
0
  0
LINE
  5
2F1
330
22
100
AcDbEntity
  8
F.Silkscreen
  6
CONTINUOUS
100
AcDbLine
 10
5.7625555118110237
 20
-3.3536273228346456
 30
0
 11
5.7672369291338583
 21
-3.3439062598425195
 31
0
  0
LINE
  5
2F2
330
22
100
AcDbEntity
  8
F.Silkscreen
  6
CONTINUOUS
100
AcDbLine
 10
5.7672369291338583
 20
-3.3439062598425195
 30
0
 11
5.7708005118110233
 21
-3.3337221653543305
 31
0
  0
LINE
  5
2F3
330
22
100
AcDbEntity
  8
F.Silkscreen
  6
CONTINUOUS
100
AcDbLine
 10
5.7708005118110233
 20
-3.3337221653543305
 30
0
 11
5.7732014173228343
 21
-3.3232031102362205
 31
0
  0
LINE
  5
2F4
330
22
100
AcDbEntity
  8
F.Silkscreen
  6
CONTINUOUS
100
AcDbLine
 10
5.7732014173228343
 20
-3.3232031102362205
 30
0
 11
5.7744094488188979
 21
-3.3124813779527558
 31
0
  0
LINE
  5
2F5
330
22
100
AcDbEntity
  8
F.Silkscreen
  6
CONTINUOUS
100
AcDbLine
 10
5.7744094488188979
 20
-3.3124813779527558
 30
0
 11
5.7744094488188979
 21
-3.3016918503937007
 31
0
  0
LINE
  5
2F6
330
22
100
AcDbEntity
  8
F.Silkscreen
  6
CONTINUOUS
100
AcDbLine
 10
5.7744094488188979
 20
-3.3016918503937007
 30
0
 11
5.7732014173228343
 21
-3.290970118110236
 31
0
  0
LINE
  5
2F7
330
22
100
AcDbEntity
  8
F.Silkscreen
  6
CONTINUOUS
100
AcDbLine
 10
5.7732014173228343
 20
-3.290970118110236
 30
0
 11
5.7708005118110233
 21
-3.280451062992126
 31
0
  0
LINE
  5
2F8
330
22
100
AcDbEntity
  8
F.Silkscreen
  6
CONTINUOUS
100
AcDbLine
 10
5.7708005118110233
 20
-3.280451062992126
 30
0
 11
5.7672369291338583
 21
-3.2702669685039369
 31
0
  0
LINE
  5
2F9
330
22
100
AcDbEntity
  8
F.Silkscreen
  6
CONTINUOUS
100
AcDbLine
 10
5.7672369291338583
 20
-3.2702669685039369
 30
0
 11
5.7625555118110237
 21
-3.2605459055118109
 31
0
  0
LINE
  5
2FA
330
22
100
AcDbEntity
  8
F.Silkscreen
  6
CONTINUOUS
100
AcDbLine
 10
5.7625555118110237
 20
-3.2605459055118109
 30
0
 11
5.7568151181102358
 21
-3.2514101181102362
 31
0
  0
LINE
  5
2FB
330
22
100
AcDbEntity
  8
F.Silkscreen
  6
CONTINUOUS
100
AcDbLine
 10
5.7568151181102358
 20
-3.2514101181102362
 30
0
 11
5.750087952755905
 21
-3.2429744881889762
 31
0
  0
LINE
  5
2FC
330
22
100
AcDbEntity
  8
F.Silkscreen
  6
CONTINUOUS
100
AcDbLine
 10
5.750087952755905
 20
-3.2429744881889762
 30
0
 11
5.7424585826771652
 21
-3.235345118110236
 31
0
  0
LINE
  5
2FD
330
22
100
AcDbEntity
  8
F.Silkscreen
  6
CONTINUOUS
100
AcDbLine
 10
5.7424585826771652
 20
-3.235345118110236
 30
0
 11
5.7340229527559057
 21
-3.2286179527559056
 31
0
  0
LINE
  5
2FE
330
22
100
AcDbEntity
  8
F.Silkscreen
  6
CONTINUOUS
100
AcDbLine
 10
5.7340229527559057
 20
-3.2286179527559056
 30
0
 11
5.724887165354331
 21
-3.2228775590551182
 31
0
  0
LINE
  5
2FF
330
22
100
AcDbEntity
  8
F.Silkscreen
  6
CONTINUOUS
100
AcDbLine
 10
5.724887165354331
 20
-3.2228775590551182
 30
0
 11
5.7151661023622049
 21
-3.2181961417322835
 31
0
  0
LINE
  5
300
330
22
100
AcDbEntity
  8
F.Silkscreen
  6
CONTINUOUS
100
AcDbLine
 10
5.7151661023622049
 20
-3.2181961417322835
 30
0
 11
5.7049820078740154
 21
-3.2146325590551181
 31
0
  0
LINE
  5
301
330
22
100
AcDbEntity
  8
F.Silkscreen
  6
CONTINUOUS
100
AcDbLine
 10
5.7049820078740154
 20
-3.2146325590551181
 30
0
 11
5.694462952755905
 21
-3.2122316535433071
 31
0
  0
LINE
  5
302
330
22
100
AcDbEntity
  8
F.Silkscreen
  6
CONTINUOUS
100
AcDbLine
 10
5.694462952755905
 20
-3.2122316535433071
 30
0
 11
5.6837412204724407
 21
-3.2110236220472439
 31
0
  0
LINE
  5
303
330
22
100
AcDbEntity
  8
F.Silkscreen
  6
CONTINUOUS
100
AcDbLine
 10
5.6837412204724407
 20
-3.2110236220472439
 30
0
 11
5.6729516929133856
 21
-3.2110236220472439
 31
0
  0
LINE
  5
304
330
22
100
AcDbEntity
  8
F.Silkscreen
  6
CONTINUOUS
100
AcDbLine
 10
5.6729516929133856
 20
-3.2110236220472439
 30
0
 11
5.6622299606299213
 21
-3.2122316535433071
 31
0
  0
LINE
  5
305
330
22
100
AcDbEntity
  8
F.Silkscreen
  6
CONTINUOUS
100
AcDbLine
 10
6.2180090551181104
 20
-3.1871889370078739
 30
0
 11
6.2309272047244093
 21
-3.1886034251968502
 31
0
  0
LINE
  5
306
330
22
100
AcDbEntity
  8
F.Silkscreen
  6
CONTINUOUS
100
AcDbLine
 10
6.2309272047244093
 20
-3.1886034251968502
 30
0
 11
6.2436168897637794
 21
-3.1914056299212596
 31
0
  0
LINE
  5
307
330
22
100
AcDbEntity
  8
F.Silkscreen
  6
CONTINUOUS
100
AcDbLine
 10
6.2436168897637794
 20
-3.1914056299212596
 30
0
 11
6.2559294094488189
 21
-3.195562716535433
 31
0
  0
LINE
  5
308
330
22
100
AcDbEntity
  8
F.Silkscreen
  6
CONTINUOUS
100
AcDbLine
 10
6.2559294094488189
 20
-3.195562716535433
 30
0
 11
6.267720590551181
 21
-3.2010260236220471
 31
0
  0
LINE
  5
309
330
22
100
AcDbEntity
  8
F.Silkscreen
  6
CONTINUOUS
100
AcDbLine
 10
6.267720590551181
 20
-3.2010260236220471
 30
0
 11
6.2788523228346458
 21
-3.2077315748031494
 31
0
  0
LINE
  5
30A
330
22
100
AcDbEntity
  8
F.Silkscreen
  6
CONTINUOUS
100
AcDbLine
 10
6.2788523228346458
 20
-3.2077315748031494
 30
0
 11
6.289194251968504
 21
-3.2156007874015748
 31
0
  0
LINE
  5
30B
330
22
100
AcDbEntity
  8
F.Silkscreen
  6
CONTINUOUS
100
AcDbLine
 10
6.289194251968504
 20
-3.2156007874015748
 30
0
 11
6.2986251968503932
 21
-3.2245415354330706
 31
0
  0
LINE
  5
30C
330
22
100
AcDbEntity
  8
F.Silkscreen
  6
CONTINUOUS
100
AcDbLine
 10
6.2986251968503932
 20
-3.2245415354330706
 30
0
 11
6.3070347637795274
 21
-3.234449094488189
 31
0
  0
LINE
  5
30D
330
22
100
AcDbEntity
  8
F.Silkscreen
  6
CONTINUOUS
100
AcDbLine
 10
6.3070347637795274
 20
-3.234449094488189
 30
0
 11
6.3143244094488189
 21
-3.2452073622047242
 31
0
  0
LINE
  5
30E
330
22
100
AcDbEntity
  8
F.Silkscreen
  6
CONTINUOUS
100
AcDbLine
 10
6.3143244094488189
 20
-3.2452073622047242
 30
0
 11
6.3204087401574798
 21
-3.2566904330708661
 31
0
  0
LINE
  5
30F
330
22
100
AcDbEntity
  8
F.Silkscreen
  6
CONTINUOUS
100
AcDbLine
 10
6.3204087401574798
 20
-3.2566904330708661
 30
0
 11
6.3252165354330705
 21
-3.2687637401574801
 31
0
  0
LINE
  5
310
330
22
100
AcDbEntity
  8
F.Silkscreen
  6
CONTINUOUS
100
AcDbLine
 10
6.3252165354330705
 20
-3.2687637401574801
 30
0
 11
6.3286914960629916
 21
-3.2812859055118109
 31
0
  0
LINE
  5
311
330
22
100
AcDbEntity
  8
F.Silkscreen
  6
CONTINUOUS
100
AcDbLine
 10
6.3286914960629916
 20
-3.2812859055118109
 30
0
 11
6.3307928740157475
 21
-3.2941102755905511
 31
0
  0
LINE
  5
312
330
22
100
AcDbEntity
  8
F.Silkscreen
  6
CONTINUOUS
100
AcDbLine
 10
6.3307928740157475
 20
-3.2941102755905511
 30
0
 11
6.3314960629921258
 21
-3.3070866141732282
 31
0
  0
LINE
  5
313
330
22
100
AcDbEntity
  8
F.Silkscreen
  6
CONTINUOUS
100
AcDbLine
 10
6.3314960629921258
 20
-3.3070866141732282
 30
0
 11
6.3307928740157475
 21
-3.3200629527559053
 31
0
  0
LINE
  5
314
330
22
100
AcDbEntity
  8
F.Silkscreen
  6
CONTINUOUS
100
AcDbLine
 10
6.3307928740157475
 20
-3.3200629527559053
 30
0
 11
6.3286914960629916
 21
-3.3328873228346456
 31
0
  0
LINE
  5
315
330
22
100
AcDbEntity
  8
F.Silkscreen
  6
CONTINUOUS
100
AcDbLine
 10
6.3286914960629916
 20
-3.3328873228346456
 30
0
 11
6.3252165354330705
 21
-3.3454094881889764
 31
0
  0
LINE
  5
316
330
22
100
AcDbEntity
  8
F.Silkscreen
  6
CONTINUOUS
100
AcDbLine
 10
6.3252165354330705
 20
-3.3454094881889764
 30
0
 11
6.3204087401574798
 21
-3.3574827952755903
 31
0
  0
LINE
  5
317
330
22
100
AcDbEntity
  8
F.Silkscreen
  6
CONTINUOUS
100
AcDbLine
 10
6.3204087401574798
 20
-3.3574827952755903
 30
0
 11
6.3143244094488189
 21
-3.3689658661417323
 31
0
  0
LINE
  5
318
330
22
100
AcDbEntity
  8
F.Silkscreen
  6
CONTINUOUS
100
AcDbLine
 10
6.3143244094488189
 20
-3.3689658661417323
 30
0
 11
6.3070347637795274
 21
-3.3797241338582675
 31
0
  0
LINE
  5
319
330
22
100
AcDbEntity
  8
F.Silkscreen
  6
CONTINUOUS
100
AcDbLine
 10
6.3070347637795274
 20
-3.3797241338582675
 30
0
 11
6.2986251968503932
 21
-3.3896316929133858
 31
0
  0
LINE
  5
31A
330
22
100
AcDbEntity
  8
F.Silkscreen
  6
CONTINUOUS
100
AcDbLine
 10
6.2986251968503932
 20
-3.3896316929133858
 30
0
 11
6.289194251968504
 21
-3.3985724409448816
 31
0
  0
LINE
  5
31B
330
22
100
AcDbEntity
  8
F.Silkscreen
  6
CONTINUOUS
100
AcDbLine
 10
6.289194251968504
 20
-3.3985724409448816
 30
0
 11
6.2788523228346458
 21
-3.4064416535433071
 31
0
  0
LINE
  5
31C
330
22
100
AcDbEntity
  8
F.Silkscreen
  6
CONTINUOUS
100
AcDbLine
 10
6.2788523228346458
 20
-3.4064416535433071
 30
0
 11
6.267720590551181
 21
-3.4131472047244094
 31
0
  0
LINE
  5
31D
330
22
100
AcDbEntity
  8
F.Silkscreen
  6
CONTINUOUS
100
AcDbLine
 10
6.267720590551181
 20
-3.4131472047244094
 30
0
 11
6.2559294094488189
 21
-3.4186105118110235
 31
0
  0
LINE
  5
31E
330
22
100
AcDbEntity
  8
F.Silkscreen
  6
CONTINUOUS
100
AcDbLine
 10
6.2559294094488189
 20
-3.4186105118110235
 30
0
 11
6.2436168897637794
 21
-3.4227675984251968
 31
0
  0
LINE
  5
31F
330
22
100
AcDbEntity
  8
F.Silkscreen
  6
CONTINUOUS
100
AcDbLine
 10
6.2436168897637794
 20
-3.4227675984251968
 30
0
 11
6.2309272047244093
 21
-3.4255698031496062
 31
0
  0
LINE
  5
320
330
22
100
AcDbEntity
  8
F.Silkscreen
  6
CONTINUOUS
100
AcDbLine
 10
6.2309272047244093
 20
-3.4255698031496062
 30
0
 11
6.2180090551181104
 21
-3.4269842913385826
 31
0
  0
LINE
  5
321
330
22
100
AcDbEntity
  8
F.Silkscreen
  6
CONTINUOUS
100
AcDbLine
 10
6.2180090551181104
 20
-3.4269842913385826
 30
0
 11
6.2050136614173228
 21
-3.4269944881889765
 31
0
  0
LINE
  5
322
330
22
100
AcDbEntity
  8
F.Silkscreen
  6
CONTINUOUS
100
AcDbLine
 10
6.2050136614173228
 20
-3.4269944881889765
 30
0
 11
6.192093267716535
 21
-3.425600275590551
 31
0
  0
LINE
  5
323
330
22
100
AcDbEntity
  8
F.Silkscreen
  6
CONTINUOUS
100
AcDbLine
 10
6.192093267716535
 20
-3.425600275590551
 30
0
 11
6.1793992519685039
 21
-3.4228179921259843
 31
0
  0
LINE
  5
324
330
22
100
AcDbEntity
  8
F.Silkscreen
  6
CONTINUOUS
100
AcDbLine
 10
6.1793992519685039
 20
-3.4228179921259843
 30
0
 11
6.1670801968503932
 21
-3.4186801968503935
 31
0
  0
LINE
  5
325
330
22
100
AcDbEntity
  8
F.Silkscreen
  6
CONTINUOUS
100
AcDbLine
 10
6.1670801968503932
 20
-3.4186801968503935
 30
0
 11
6.1552804724409445
 21
-3.4132353543307086
 31
0
  0
LINE
  5
326
330
22
100
AcDbEntity
  8
F.Silkscreen
  6
CONTINUOUS
100
AcDbLine
 10
6.1552804724409445
 20
-3.4132353543307086
 30
0
 11
6.1441382283464563
 21
-3.4065472834645667
 31
0
  0
LINE
  5
327
330
22
100
AcDbEntity
  8
F.Silkscreen
  6
CONTINUOUS
100
AcDbLine
 10
6.1441382283464563
 20
-3.4065472834645667
 30
0
 11
6.1337839763779529
 21
-3.3986942913385825
 31
0
  0
LINE
  5
328
330
22
100
AcDbEntity
  8
F.Silkscreen
  6
CONTINUOUS
100
AcDbLine
 10
6.1337839763779529
 20
-3.3986942913385825
 30
0
 11
6.1243390157480313
 21
-3.3897683464566928
 31
0
  0
LINE
  5
329
330
22
100
AcDbEntity
  8
F.Silkscreen
  6
CONTINUOUS
100
AcDbLine
 10
6.1243390157480313
 20
-3.3897683464566928
 30
0
 11
6.1159139370078739
 21
-3.3798740157480314
 31
0
  0
LINE
  5
32A
330
22
100
AcDbEntity
  8
F.Silkscreen
  6
CONTINUOUS
100
AcDbLine
 10
6.1159139370078739
 20
-3.3798740157480314
 30
0
 11
6.1086074409448816
 21
-3.3691271653543304
 31
0
  0
LINE
  5
32B
330
22
100
AcDbEntity
  8
F.Silkscreen
  6
CONTINUOUS
100
AcDbLine
 10
6.1086074409448816
 20
-3.3691271653543304
 30
0
 11
6.1085619291338578
 21
-3.3689317716535432
 31
0
  0
LINE
  5
32C
330
22
100
AcDbEntity
  8
F.Silkscreen
  6
CONTINUOUS
100
AcDbLine
 10
6.1085619291338578
 20
-3.3689317716535432
 30
0
 11
6.108447519685039
 21
-3.3688173622047244
 31
0
  0
LINE
  5
32D
330
22
100
AcDbEntity
  8
F.Silkscreen
  6
CONTINUOUS
100
AcDbLine
 10
6.108447519685039
 20
-3.3688173622047244
 30
0
 11
6.1082677165354333
 21
-3.3679133858267716
 31
0
  0
LINE
  5
32E
330
22
100
AcDbEntity
  8
F.Silkscreen
  6
CONTINUOUS
100
AcDbLine
 10
6.1082677165354333
 20
-3.3679133858267716
 30
0
 11
6.1082677165354333
 21
-3.2462598425196849
 31
0
  0
LINE
  5
32F
330
22
100
AcDbEntity
  8
F.Silkscreen
  6
CONTINUOUS
100
AcDbLine
 10
6.1082677165354333
 20
-3.2462598425196849
 30
0
 11
6.108447519685039
 21
-3.2453558661417321
 31
0
  0
LINE
  5
330
330
22
100
AcDbEntity
  8
F.Silkscreen
  6
CONTINUOUS
100
AcDbLine
 10
6.108447519685039
 20
-3.2453558661417321
 30
0
 11
6.1085619291338578
 21
-3.2452414173228346
 31
0
  0
LINE
  5
331
330
22
100
AcDbEntity
  8
F.Silkscreen
  6
CONTINUOUS
100
AcDbLine
 10
6.1085619291338578
 20
-3.2452414173228346
 30
0
 11
6.1086074409448816
 21
-3.2450460629921261
 31
0
  0
LINE
  5
332
330
22
100
AcDbEntity
  8
F.Silkscreen
  6
CONTINUOUS
100
AcDbLine
 10
6.1086074409448816
 20
-3.2450460629921261
 30
0
 11
6.1159139370078739
 21
-3.2342992125984251
 31
0
  0
LINE
  5
333
330
22
100
AcDbEntity
  8
F.Silkscreen
  6
CONTINUOUS
100
AcDbLine
 10
6.1159139370078739
 20
-3.2342992125984251
 30
0
 11
6.1243390157480313
 21
-3.2244048818897637
 31
0
  0
LINE
  5
334
330
22
100
AcDbEntity
  8
F.Silkscreen
  6
CONTINUOUS
100
AcDbLine
 10
6.1243390157480313
 20
-3.2244048818897637
 30
0
 11
6.1337839763779529
 21
-3.215478937007874
 31
0
  0
LINE
  5
335
330
22
100
AcDbEntity
  8
F.Silkscreen
  6
CONTINUOUS
100
AcDbLine
 10
6.1337839763779529
 20
-3.215478937007874
 30
0
 11
6.1441382283464563
 21
-3.2076259448818898
 31
0
  0
LINE
  5
336
330
22
100
AcDbEntity
  8
F.Silkscreen
  6
CONTINUOUS
100
AcDbLine
 10
6.1441382283464563
 20
-3.2076259448818898
 30
0
 11
6.1552804724409445
 21
-3.2009378740157479
 31
0
  0
LINE
  5
337
330
22
100
AcDbEntity
  8
F.Silkscreen
  6
CONTINUOUS
100
AcDbLine
 10
6.1552804724409445
 20
-3.2009378740157479
 30
0
 11
6.1670801968503932
 21
-3.195493031496063
 31
0
  0
LINE
  5
338
330
22
100
AcDbEntity
  8
F.Silkscreen
  6
CONTINUOUS
100
AcDbLine
 10
6.1670801968503932
 20
-3.195493031496063
 30
0
 11
6.1793992519685039
 21
-3.1913552362204722
 31
0
  0
LINE
  5
339
330
22
100
AcDbEntity
  8
F.Silkscreen
  6
CONTINUOUS
100
AcDbLine
 10
6.1793992519685039
 20
-3.1913552362204722
 30
0
 11
6.192093267716535
 21
-3.1885729527559055
 31
0
  0
LINE
  5
33A
330
22
100
AcDbEntity
  8
F.Silkscreen
  6
CONTINUOUS
100
AcDbLine
 10
6.192093267716535
 20
-3.1885729527559055
 30
0
 11
6.2050136614173228
 21
-3.18717874015748
 31
0
  0
LINE
  5
33B
330
22
100
AcDbEntity
  8
F.Silkscreen
  6
CONTINUOUS
100
AcDbLine
 10
6.2050136614173228
 20
-3.18717874015748
 30
0
 11
6.2180090551181104
 21
-3.1871889370078739
 31
0
  0
LINE
  5
33C
330
22
100
AcDbEntity
  8
F.Silkscreen
  6
CONTINUOUS
100
AcDbLine
 10
6.2036271653543302
 20
-3.1918134251968504
 30
0
 11
6.1906804724409445
 21
-3.1934266929133859
 31
0
  0
LINE
  5
33D
330
22
100
AcDbEntity
  8
F.Silkscreen
  6
CONTINUOUS
100
AcDbLine
 10
6.1906804724409445
 20
-3.1934266929133859
 30
0
 11
6.1779981889763782
 21
-3.1964893700787402
 31
0
  0
LINE
  5
33E
330
22
100
AcDbEntity
  8
F.Silkscreen
  6
CONTINUOUS
100
AcDbLine
 10
6.1779981889763782
 20
-3.1964893700787402
 30
0
 11
6.1657420866141734
 21
-3.2009623228346458
 31
0
  0
LINE
  5
33F
330
22
100
AcDbEntity
  8
F.Silkscreen
  6
CONTINUOUS
100
AcDbLine
 10
6.1657420866141734
 20
-3.2009623228346458
 30
0
 11
6.1540684251968498
 21
-3.2067885826771652
 31
0
  0
LINE
  5
340
330
22
100
AcDbEntity
  8
F.Silkscreen
  6
CONTINUOUS
100
AcDbLine
 10
6.1540684251968498
 20
-3.2067885826771652
 30
0
 11
6.1431260629921258
 21
-3.2138938188976378
 31
0
  0
LINE
  5
341
330
22
100
AcDbEntity
  8
F.Silkscreen
  6
CONTINUOUS
100
AcDbLine
 10
6.1431260629921258
 20
-3.2138938188976378
 30
0
 11
6.1330545275590547
 21
-3.2221874803149606
 31
0
  0
LINE
  5
342
330
22
100
AcDbEntity
  8
F.Silkscreen
  6
CONTINUOUS
100
AcDbLine
 10
6.1330545275590547
 20
-3.2221874803149606
 30
0
 11
6.1239822834645672
 21
-3.2315637401574802
 31
0
  0
LINE
  5
343
330
22
100
AcDbEntity
  8
F.Silkscreen
  6
CONTINUOUS
100
AcDbLine
 10
6.1239822834645672
 20
-3.2315637401574802
 30
0
 11
6.1160249999999996
 21
-3.2419030314960628
 31
0
  0
LINE
  5
344
330
22
100
AcDbEntity
  8
F.Silkscreen
  6
CONTINUOUS
100
AcDbLine
 10
6.1160249999999996
 20
-3.2419030314960628
 30
0
 11
6.1129921259842517
 21
-3.246924527559055
 31
0
  0
LINE
  5
345
330
22
100
AcDbEntity
  8
F.Silkscreen
  6
CONTINUOUS
100
AcDbLine
 10
6.1129921259842517
 20
-3.246924527559055
 30
0
 11
6.1129921259842517
 21
-3.2860936220472441
 31
0
  0
LINE
  5
346
330
22
100
AcDbEntity
  8
F.Silkscreen
  6
CONTINUOUS
100
AcDbLine
 10
6.1129921259842517
 20
-3.2860936220472441
 30
0
 11
6.1145689763779529
 21
-3.2791850787401575
 31
0
  0
LINE
  5
347
330
22
100
AcDbEntity
  8
F.Silkscreen
  6
CONTINUOUS
100
AcDbLine
 10
6.1145689763779529
 20
-3.2791850787401575
 30
0
 11
6.1183018897637798
 21
-3.2685169291338583
 31
0
  0
LINE
  5
348
330
22
100
AcDbEntity
  8
F.Silkscreen
  6
CONTINUOUS
100
AcDbLine
 10
6.1183018897637798
 20
-3.2685169291338583
 30
0
 11
6.1232058267716534
 21
-3.2583338582677164
 31
0
  0
LINE
  5
349
330
22
100
AcDbEntity
  8
F.Silkscreen
  6
CONTINUOUS
100
AcDbLine
 10
6.1232058267716534
 20
-3.2583338582677164
 30
0
 11
6.12921905511811
 21
-3.2487638188976375
 31
0
  0
LINE
  5
34A
330
22
100
AcDbEntity
  8
F.Silkscreen
  6
CONTINUOUS
100
AcDbLine
 10
6.12921905511811
 20
-3.2487638188976375
 30
0
 11
6.1362659842519687
 21
-3.2399272834645667
 31
0
  0
LINE
  5
34B
330
22
100
AcDbEntity
  8
F.Silkscreen
  6
CONTINUOUS
100
AcDbLine
 10
6.1362659842519687
 20
-3.2399272834645667
 30
0
 11
6.1442579921259837
 21
-3.2319352755905513
 31
0
  0
LINE
  5
34C
330
22
100
AcDbEntity
  8
F.Silkscreen
  6
CONTINUOUS
100
AcDbLine
 10
6.1442579921259837
 20
-3.2319352755905513
 30
0
 11
6.1530945275590554
 21
-3.2248883464566926
 31
0
  0
LINE
  5
34D
330
22
100
AcDbEntity
  8
F.Silkscreen
  6
CONTINUOUS
100
AcDbLine
 10
6.1530945275590554
 20
-3.2248883464566926
 30
0
 11
6.1626645669291333
 21
-3.218875118110236
 31
0
  0
LINE
  5
34E
330
22
100
AcDbEntity
  8
F.Silkscreen
  6
CONTINUOUS
100
AcDbLine
 10
6.1626645669291333
 20
-3.218875118110236
 30
0
 11
6.1728476377952752
 21
-3.2139711811023624
 31
0
  0
LINE
  5
34F
330
22
100
AcDbEntity
  8
F.Silkscreen
  6
CONTINUOUS
100
AcDbLine
 10
6.1728476377952752
 20
-3.2139711811023624
 30
0
 11
6.1835157874015749
 21
-3.2102382677165355
 31
0
  0
LINE
  5
350
330
22
100
AcDbEntity
  8
F.Silkscreen
  6
CONTINUOUS
100
AcDbLine
 10
6.1835157874015749
 20
-3.2102382677165355
 30
0
 11
6.1945348031496064
 21
-3.2077232283464565
 31
0
  0
LINE
  5
351
330
22
100
AcDbEntity
  8
F.Silkscreen
  6
CONTINUOUS
100
AcDbLine
 10
6.1945348031496064
 20
-3.2077232283464565
 30
0
 11
6.2057661417322834
 21
-3.2064577559055119
 31
0
  0
LINE
  5
352
330
22
100
AcDbEntity
  8
F.Silkscreen
  6
CONTINUOUS
100
AcDbLine
 10
6.2057661417322834
 20
-3.2064577559055119
 30
0
 11
6.2170685039370079
 21
-3.2064577559055119
 31
0
  0
LINE
  5
353
330
22
100
AcDbEntity
  8
F.Silkscreen
  6
CONTINUOUS
100
AcDbLine
 10
6.2170685039370079
 20
-3.2064577559055119
 30
0
 11
6.2282998425196849
 21
-3.2077232283464565
 31
0
  0
LINE
  5
354
330
22
100
AcDbEntity
  8
F.Silkscreen
  6
CONTINUOUS
100
AcDbLine
 10
6.2282998425196849
 20
-3.2077232283464565
 30
0
 11
6.2393188582677164
 21
-3.2102382677165355
 31
0
  0
LINE
  5
355
330
22
100
AcDbEntity
  8
F.Silkscreen
  6
CONTINUOUS
100
AcDbLine
 10
6.2393188582677164
 20
-3.2102382677165355
 30
0
 11
6.2499870078740152
 21
-3.2139711811023624
 31
0
  0
LINE
  5
356
330
22
100
AcDbEntity
  8
F.Silkscreen
  6
CONTINUOUS
100
AcDbLine
 10
6.2499870078740152
 20
-3.2139711811023624
 30
0
 11
6.2601700787401571
 21
-3.218875118110236
 31
0
  0
LINE
  5
357
330
22
100
AcDbEntity
  8
F.Silkscreen
  6
CONTINUOUS
100
AcDbLine
 10
6.2601700787401571
 20
-3.218875118110236
 30
0
 11
6.2697401181102359
 21
-3.2248883464566926
 31
0
  0
LINE
  5
358
330
22
100
AcDbEntity
  8
F.Silkscreen
  6
CONTINUOUS
100
AcDbLine
 10
6.2697401181102359
 20
-3.2248883464566926
 30
0
 11
6.2785766535433067
 21
-3.2319352755905513
 31
0
  0
LINE
  5
359
330
22
100
AcDbEntity
  8
F.Silkscreen
  6
CONTINUOUS
100
AcDbLine
 10
6.2785766535433067
 20
-3.2319352755905513
 30
0
 11
6.2865686614173226
 21
-3.2399272834645667
 31
0
  0
LINE
  5
35A
330
22
100
AcDbEntity
  8
F.Silkscreen
  6
CONTINUOUS
100
AcDbLine
 10
6.2865686614173226
 20
-3.2399272834645667
 30
0
 11
6.2936155905511812
 21
-3.2487638188976375
 31
0
  0
LINE
  5
35B
330
22
100
AcDbEntity
  8
F.Silkscreen
  6
CONTINUOUS
100
AcDbLine
 10
6.2936155905511812
 20
-3.2487638188976375
 30
0
 11
6.2996288188976379
 21
-3.2583338582677164
 31
0
  0
LINE
  5
35C
330
22
100
AcDbEntity
  8
F.Silkscreen
  6
CONTINUOUS
100
AcDbLine
 10
6.2996288188976379
 20
-3.2583338582677164
 30
0
 11
6.3045327559055115
 21
-3.2685169291338583
 31
0
  0
LINE
  5
35D
330
22
100
AcDbEntity
  8
F.Silkscreen
  6
CONTINUOUS
100
AcDbLine
 10
6.3045327559055115
 20
-3.2685169291338583
 30
0
 11
6.3082656692913384
 21
-3.2791850787401575
 31
0
  0
LINE
  5
35E
330
22
100
AcDbEntity
  8
F.Silkscreen
  6
CONTINUOUS
100
AcDbLine
 10
6.3082656692913384
 20
-3.2791850787401575
 30
0
 11
6.3107807086614169
 21
-3.290204094488189
 31
0
  0
LINE
  5
35F
330
22
100
AcDbEntity
  8
F.Silkscreen
  6
CONTINUOUS
100
AcDbLine
 10
6.3107807086614169
 20
-3.290204094488189
 30
0
 11
6.312046181102362
 21
-3.301435433070866
 31
0
  0
LINE
  5
360
330
22
100
AcDbEntity
  8
F.Silkscreen
  6
CONTINUOUS
100
AcDbLine
 10
6.312046181102362
 20
-3.301435433070866
 30
0
 11
6.312046181102362
 21
-3.3127377952755905
 31
0
  0
LINE
  5
361
330
22
100
AcDbEntity
  8
F.Silkscreen
  6
CONTINUOUS
100
AcDbLine
 10
6.312046181102362
 20
-3.3127377952755905
 30
0
 11
6.3107807086614169
 21
-3.3239691338582675
 31
0
  0
LINE
  5
362
330
22
100
AcDbEntity
  8
F.Silkscreen
  6
CONTINUOUS
100
AcDbLine
 10
6.3107807086614169
 20
-3.3239691338582675
 30
0
 11
6.3082656692913384
 21
-3.334988149606299
 31
0
  0
LINE
  5
363
330
22
100
AcDbEntity
  8
F.Silkscreen
  6
CONTINUOUS
100
AcDbLine
 10
6.3082656692913384
 20
-3.334988149606299
 30
0
 11
6.3045327559055115
 21
-3.3456562992125982
 31
0
  0
LINE
  5
364
330
22
100
AcDbEntity
  8
F.Silkscreen
  6
CONTINUOUS
100
AcDbLine
 10
6.3045327559055115
 20
-3.3456562992125982
 30
0
 11
6.2996288188976379
 21
-3.3558393700787401
 31
0
  0
LINE
  5
365
330
22
100
AcDbEntity
  8
F.Silkscreen
  6
CONTINUOUS
100
AcDbLine
 10
6.2996288188976379
 20
-3.3558393700787401
 30
0
 11
6.2936155905511812
 21
-3.3654094094488189
 31
0
  0
LINE
  5
366
330
22
100
AcDbEntity
  8
F.Silkscreen
  6
CONTINUOUS
100
AcDbLine
 10
6.2936155905511812
 20
-3.3654094094488189
 30
0
 11
6.2865686614173226
 21
-3.3742459448818898
 31
0
  0
LINE
  5
367
330
22
100
AcDbEntity
  8
F.Silkscreen
  6
CONTINUOUS
100
AcDbLine
 10
6.2865686614173226
 20
-3.3742459448818898
 30
0
 11
6.2785766535433067
 21
-3.3822379527559052
 31
0
  0
LINE
  5
368
330
22
100
AcDbEntity
  8
F.Silkscreen
  6
CONTINUOUS
100
AcDbLine
 10
6.2785766535433067
 20
-3.3822379527559052
 30
0
 11
6.2697401181102359
 21
-3.3892848818897638
 31
0
  0
LINE
  5
369
330
22
100
AcDbEntity
  8
F.Silkscreen
  6
CONTINUOUS
100
AcDbLine
 10
6.2697401181102359
 20
-3.3892848818897638
 30
0
 11
6.2601700787401571
 21
-3.3952981102362205
 31
0
  0
LINE
  5
36A
330
22
100
AcDbEntity
  8
F.Silkscreen
  6
CONTINUOUS
100
AcDbLine
 10
6.2601700787401571
 20
-3.3952981102362205
 30
0
 11
6.2499870078740152
 21
-3.4002020472440946
 31
0
  0
LINE
  5
36B
330
22
100
AcDbEntity
  8
F.Silkscreen
  6
CONTINUOUS
100
AcDbLine
 10
6.2499870078740152
 20
-3.4002020472440946
 30
0
 11
6.2393188582677164
 21
-3.4039349606299214
 31
0
  0
LINE
  5
36C
330
22
100
AcDbEntity
  8
F.Silkscreen
  6
CONTINUOUS
100
AcDbLine
 10
6.2393188582677164
 20
-3.4039349606299214
 30
0
 11
6.2282998425196849
 21
-3.40645
 31
0
  0
LINE
  5
36D
330
22
100
AcDbEntity
  8
F.Silkscreen
  6
CONTINUOUS
100
AcDbLine
 10
6.2282998425196849
 20
-3.40645
 30
0
 11
6.2170685039370079
 21
-3.4077154724409446
 31
0
  0
LINE
  5
36E
330
22
100
AcDbEntity
  8
F.Silkscreen
  6
CONTINUOUS
100
AcDbLine
 10
6.2170685039370079
 20
-3.4077154724409446
 30
0
 11
6.2057661417322834
 21
-3.4077154724409446
 31
0
  0
LINE
  5
36F
330
22
100
AcDbEntity
  8
F.Silkscreen
  6
CONTINUOUS
100
AcDbLine
 10
6.2057661417322834
 20
-3.4077154724409446
 30
0
 11
6.1945348031496064
 21
-3.40645
 31
0
  0
LINE
  5
370
330
22
100
AcDbEntity
  8
F.Silkscreen
  6
CONTINUOUS
100
AcDbLine
 10
6.1945348031496064
 20
-3.40645
 30
0
 11
6.1835157874015749
 21
-3.4039349606299214
 31
0
  0
LINE
  5
371
330
22
100
AcDbEntity
  8
F.Silkscreen
  6
CONTINUOUS
100
AcDbLine
 10
6.1835157874015749
 20
-3.4039349606299214
 30
0
 11
6.1728476377952752
 21
-3.4002020472440946
 31
0
  0
LINE
  5
372
330
22
100
AcDbEntity
  8
F.Silkscreen
  6
CONTINUOUS
100
AcDbLine
 10
6.1728476377952752
 20
-3.4002020472440946
 30
0
 11
6.1626645669291333
 21
-3.3952981102362205
 31
0
  0
LINE
  5
373
330
22
100
AcDbEntity
  8
F.Silkscreen
  6
CONTINUOUS
100
AcDbLine
 10
6.1626645669291333
 20
-3.3952981102362205
 30
0
 11
6.1530945275590554
 21
-3.3892848818897638
 31
0
  0
LINE
  5
374
330
22
100
AcDbEntity
  8
F.Silkscreen
  6
CONTINUOUS
100
AcDbLine
 10
6.1530945275590554
 20
-3.3892848818897638
 30
0
 11
6.1442579921259837
 21
-3.3822379527559052
 31
0
  0
LINE
  5
375
330
22
100
AcDbEntity
  8
F.Silkscreen
  6
CONTINUOUS
100
AcDbLine
 10
6.1442579921259837
 20
-3.3822379527559052
 30
0
 11
6.1362659842519687
 21
-3.3742459448818898
 31
0
  0
LINE
  5
376
330
22
100
AcDbEntity
  8
F.Silkscreen
  6
CONTINUOUS
100
AcDbLine
 10
6.1362659842519687
 20
-3.3742459448818898
 30
0
 11
6.12921905511811
 21
-3.3654094094488189
 31
0
  0
LINE
  5
377
330
22
100
AcDbEntity
  8
F.Silkscreen
  6
CONTINUOUS
100
AcDbLine
 10
6.12921905511811
 20
-3.3654094094488189
 30
0
 11
6.1232058267716534
 21
-3.3558393700787401
 31
0
  0
LINE
  5
378
330
22
100
AcDbEntity
  8
F.Silkscreen
  6
CONTINUOUS
100
AcDbLine
 10
6.1232058267716534
 20
-3.3558393700787401
 30
0
 11
6.1183018897637798
 21
-3.3456562992125982
 31
0
  0
LINE
  5
379
330
22
100
AcDbEntity
  8
F.Silkscreen
  6
CONTINUOUS
100
AcDbLine
 10
6.1183018897637798
 20
-3.3456562992125982
 30
0
 11
6.1145689763779529
 21
-3.334988149606299
 31
0
  0
LINE
  5
37A
330
22
100
AcDbEntity
  8
F.Silkscreen
  6
CONTINUOUS
100
AcDbLine
 10
6.1145689763779529
 20
-3.334988149606299
 30
0
 11
6.1129921259842517
 21
-3.3280795669291336
 31
0
  0
LINE
  5
37B
330
22
100
AcDbEntity
  8
F.Silkscreen
  6
CONTINUOUS
100
AcDbLine
 10
6.1129921259842517
 20
-3.3280795669291336
 30
0
 11
6.1129921259842517
 21
-3.3672486614173227
 31
0
  0
LINE
  5
37C
330
22
100
AcDbEntity
  8
F.Silkscreen
  6
CONTINUOUS
100
AcDbLine
 10
6.1129921259842517
 20
-3.3672486614173227
 30
0
 11
6.1160249999999996
 21
-3.3722701968503936
 31
0
  0
LINE
  5
37D
330
22
100
AcDbEntity
  8
F.Silkscreen
  6
CONTINUOUS
100
AcDbLine
 10
6.1160249999999996
 20
-3.3722701968503936
 30
0
 11
6.1239822834645672
 21
-3.3826094881889763
 31
0
  0
LINE
  5
37E
330
22
100
AcDbEntity
  8
F.Silkscreen
  6
CONTINUOUS
100
AcDbLine
 10
6.1239822834645672
 20
-3.3826094881889763
 30
0
 11
6.1330545275590547
 21
-3.3919857480314959
 31
0
  0
LINE
  5
37F
330
22
100
AcDbEntity
  8
F.Silkscreen
  6
CONTINUOUS
100
AcDbLine
 10
6.1330545275590547
 20
-3.3919857480314959
 30
0
 11
6.1431260629921258
 21
-3.4002794094488187
 31
0
  0
LINE
  5
380
330
22
100
AcDbEntity
  8
F.Silkscreen
  6
CONTINUOUS
100
AcDbLine
 10
6.1431260629921258
 20
-3.4002794094488187
 30
0
 11
6.1540684251968498
 21
-3.4073846456692913
 31
0
  0
LINE
  5
381
330
22
100
AcDbEntity
  8
F.Silkscreen
  6
CONTINUOUS
100
AcDbLine
 10
6.1540684251968498
 20
-3.4073846456692913
 30
0
 11
6.1657420866141734
 21
-3.4132109055118112
 31
0
  0
LINE
  5
382
330
22
100
AcDbEntity
  8
F.Silkscreen
  6
CONTINUOUS
100
AcDbLine
 10
6.1657420866141734
 20
-3.4132109055118112
 30
0
 11
6.1779981889763782
 21
-3.4176838582677163
 31
0
  0
LINE
  5
383
330
22
100
AcDbEntity
  8
F.Silkscreen
  6
CONTINUOUS
100
AcDbLine
 10
6.1779981889763782
 20
-3.4176838582677163
 30
0
 11
6.1906804724409445
 21
-3.4207465354330706
 31
0
  0
LINE
  5
384
330
22
100
AcDbEntity
  8
F.Silkscreen
  6
CONTINUOUS
100
AcDbLine
 10
6.1906804724409445
 20
-3.4207465354330706
 30
0
 11
6.2036271653543302
 21
-3.4223598031496061
 31
0
  0
LINE
  5
385
330
22
100
AcDbEntity
  8
F.Silkscreen
  6
CONTINUOUS
100
AcDbLine
 10
6.2036271653543302
 20
-3.4223598031496061
 30
0
 11
6.2166732283464565
 21
-3.4225031102362204
 31
0
  0
LINE
  5
386
330
22
100
AcDbEntity
  8
F.Silkscreen
  6
CONTINUOUS
100
AcDbLine
 10
6.2166732283464565
 20
-3.4225031102362204
 30
0
 11
6.2296522440944884
 21
-3.4211746456692911
 31
0
  0
LINE
  5
387
330
22
100
AcDbEntity
  8
F.Silkscreen
  6
CONTINUOUS
100
AcDbLine
 10
6.2296522440944884
 20
-3.4211746456692911
 30
0
 11
6.2423987401574799
 21
-3.4183913385826772
 31
0
  0
LINE
  5
388
330
22
100
AcDbEntity
  8
F.Silkscreen
  6
CONTINUOUS
100
AcDbLine
 10
6.2423987401574799
 20
-3.4183913385826772
 30
0
 11
6.2547501574803146
 21
-3.4141887007874017
 31
0
  0
LINE
  5
389
330
22
100
AcDbEntity
  8
F.Silkscreen
  6
CONTINUOUS
100
AcDbLine
 10
6.2547501574803146
 20
-3.4141887007874017
 30
0
 11
6.2665490157480317
 21
-3.40862031496063
 31
0
  0
LINE
  5
38A
330
22
100
AcDbEntity
  8
F.Silkscreen
  6
CONTINUOUS
100
AcDbLine
 10
6.2665490157480317
 20
-3.40862031496063
 30
0
 11
6.2776448425196847
 21
-3.4017571653543306
 31
0
  0
LINE
  5
38B
330
22
100
AcDbEntity
  8
F.Silkscreen
  6
CONTINUOUS
100
AcDbLine
 10
6.2776448425196847
 20
-3.4017571653543306
 30
0
 11
6.2878961023622049
 21
-3.393686771653543
 31
0
  0
LINE
  5
38C
330
22
100
AcDbEntity
  8
F.Silkscreen
  6
CONTINUOUS
100
AcDbLine
 10
6.2878961023622049
 20
-3.393686771653543
 30
0
 11
6.2971721653543309
 21
-3.3845120866141731
 31
0
  0
LINE
  5
38D
330
22
100
AcDbEntity
  8
F.Silkscreen
  6
CONTINUOUS
100
AcDbLine
 10
6.2971721653543309
 20
-3.3845120866141731
 30
0
 11
6.3053546456692908
 21
-3.3743500787401572
 31
0
  0
LINE
  5
38E
330
22
100
AcDbEntity
  8
F.Silkscreen
  6
CONTINUOUS
100
AcDbLine
 10
6.3053546456692908
 20
-3.3743500787401572
 30
0
 11
6.3123392519685035
 21
-3.36333031496063
 31
0
  0
LINE
  5
38F
330
22
100
AcDbEntity
  8
F.Silkscreen
  6
CONTINUOUS
100
AcDbLine
 10
6.3123392519685035
 20
-3.36333031496063
 30
0
 11
6.3180369291338581
 21
-3.3515933464566929
 31
0
  0
LINE
  5
390
330
22
100
AcDbEntity
  8
F.Silkscreen
  6
CONTINUOUS
100
AcDbLine
 10
6.3180369291338581
 20
-3.3515933464566929
 30
0
 11
6.3223750000000001
 21
-3.3392888188976375
 31
0
  0
LINE
  5
391
330
22
100
AcDbEntity
  8
F.Silkscreen
  6
CONTINUOUS
100
AcDbLine
 10
6.3223750000000001
 20
-3.3392888188976375
 30
0
 11
6.325298149606299
 21
-3.3265736614173229
 31
0
  0
LINE
  5
392
330
22
100
AcDbEntity
  8
F.Silkscreen
  6
CONTINUOUS
100
AcDbLine
 10
6.325298149606299
 20
-3.3265736614173229
 30
0
 11
6.3267691338582672
 21
-3.3136100393700785
 31
0
  0
LINE
  5
393
330
22
100
AcDbEntity
  8
F.Silkscreen
  6
CONTINUOUS
100
AcDbLine
 10
6.3267691338582672
 20
-3.3136100393700785
 30
0
 11
6.3267716535433065
 21
-3.3070866141732282
 31
0
  0
LINE
  5
394
330
22
100
AcDbEntity
  8
F.Silkscreen
  6
CONTINUOUS
100
AcDbLine
 10
6.3267716535433065
 20
-3.3070866141732282
 30
0
 11
6.3267691338582672
 21
-3.300563188976378
 31
0
  0
LINE
  5
395
330
22
100
AcDbEntity
  8
F.Silkscreen
  6
CONTINUOUS
100
AcDbLine
 10
6.3267691338582672
 20
-3.300563188976378
 30
0
 11
6.325298149606299
 21
-3.2875995669291336
 31
0
  0
LINE
  5
396
330
22
100
AcDbEntity
  8
F.Silkscreen
  6
CONTINUOUS
100
AcDbLine
 10
6.325298149606299
 20
-3.2875995669291336
 30
0
 11
6.3223750000000001
 21
-3.274884409448819
 31
0
  0
LINE
  5
397
330
22
100
AcDbEntity
  8
F.Silkscreen
  6
CONTINUOUS
100
AcDbLine
 10
6.3223750000000001
 20
-3.274884409448819
 30
0
 11
6.3180369291338581
 21
-3.2625798818897636
 31
0
  0
LINE
  5
398
330
22
100
AcDbEntity
  8
F.Silkscreen
  6
CONTINUOUS
100
AcDbLine
 10
6.3180369291338581
 20
-3.2625798818897636
 30
0
 11
6.3123392519685035
 21
-3.2508429133858265
 31
0
  0
LINE
  5
399
330
22
100
AcDbEntity
  8
F.Silkscreen
  6
CONTINUOUS
100
AcDbLine
 10
6.3123392519685035
 20
-3.2508429133858265
 30
0
 11
6.3053546456692908
 21
-3.2398231496062992
 31
0
  0
LINE
  5
39A
330
22
100
AcDbEntity
  8
F.Silkscreen
  6
CONTINUOUS
100
AcDbLine
 10
6.3053546456692908
 20
-3.2398231496062992
 30
0
 11
6.2971721653543309
 21
-3.2296611417322834
 31
0
  0
LINE
  5
39B
330
22
100
AcDbEntity
  8
F.Silkscreen
  6
CONTINUOUS
100
AcDbLine
 10
6.2971721653543309
 20
-3.2296611417322834
 30
0
 11
6.2878961023622049
 21
-3.2204864566929134
 31
0
  0
LINE
  5
39C
330
22
100
AcDbEntity
  8
F.Silkscreen
  6
CONTINUOUS
100
AcDbLine
 10
6.2878961023622049
 20
-3.2204864566929134
 30
0
 11
6.2776448425196847
 21
-3.2124160629921259
 31
0
  0
LINE
  5
39D
330
22
100
AcDbEntity
  8
F.Silkscreen
  6
CONTINUOUS
100
AcDbLine
 10
6.2776448425196847
 20
-3.2124160629921259
 30
0
 11
6.2665490157480317
 21
-3.2055529133858265
 31
0
  0
LINE
  5
39E
330
22
100
AcDbEntity
  8
F.Silkscreen
  6
CONTINUOUS
100
AcDbLine
 10
6.2665490157480317
 20
-3.2055529133858265
 30
0
 11
6.2547501574803146
 21
-3.1999845275590548
 31
0
  0
LINE
  5
39F
330
22
100
AcDbEntity
  8
F.Silkscreen
  6
CONTINUOUS
100
AcDbLine
 10
6.2547501574803146
 20
-3.1999845275590548
 30
0
 11
6.2423987401574799
 21
-3.1957818897637793
 31
0
  0
LINE
  5
3A0
330
22
100
AcDbEntity
  8
F.Silkscreen
  6
CONTINUOUS
100
AcDbLine
 10
6.2423987401574799
 20
-3.1957818897637793
 30
0
 11
6.2296522440944884
 21
-3.1929985826771654
 31
0
  0
LINE
  5
3A1
330
22
100
AcDbEntity
  8
F.Silkscreen
  6
CONTINUOUS
100
AcDbLine
 10
6.2296522440944884
 20
-3.1929985826771654
 30
0
 11
6.2166732283464565
 21
-3.191670118110236
 31
0
  0
LINE
  5
3A2
330
22
100
AcDbEntity
  8
F.Silkscreen
  6
CONTINUOUS
100
AcDbLine
 10
6.2166732283464565
 20
-3.191670118110236
 30
0
 11
6.2036271653543302
 21
-3.1918134251968504
 31
0
  0
LINE
  5
3A3
330
22
100
AcDbEntity
  8
F.Silkscreen
  6
CONTINUOUS
100
AcDbLine
 10
6.1953008267716534
 20
-3.2122316535433071
 30
0
 11
6.1847817716535429
 21
-3.2146325590551181
 31
0
  0
LINE
  5
3A4
330
22
100
AcDbEntity
  8
F.Silkscreen
  6
CONTINUOUS
100
AcDbLine
 10
6.1847817716535429
 20
-3.2146325590551181
 30
0
 11
6.1745976771653543
 21
-3.2181961417322835
 31
0
  0
LINE
  5
3A5
330
22
100
AcDbEntity
  8
F.Silkscreen
  6
CONTINUOUS
100
AcDbLine
 10
6.1745976771653543
 20
-3.2181961417322835
 30
0
 11
6.1648766141732283
 21
-3.2228775590551182
 31
0
  0
LINE
  5
3A6
330
22
100
AcDbEntity
  8
F.Silkscreen
  6
CONTINUOUS
100
AcDbLine
 10
6.1648766141732283
 20
-3.2228775590551182
 30
0
 11
6.1557408267716536
 21
-3.2286179527559056
 31
0
  0
LINE
  5
3A7
330
22
100
AcDbEntity
  8
F.Silkscreen
  6
CONTINUOUS
100
AcDbLine
 10
6.1557408267716536
 20
-3.2286179527559056
 30
0
 11
6.147305196850394
 21
-3.235345118110236
 31
0
  0
LINE
  5
3A8
330
22
100
AcDbEntity
  8
F.Silkscreen
  6
CONTINUOUS
100
AcDbLine
 10
6.147305196850394
 20
-3.235345118110236
 30
0
 11
6.1396758267716534
 21
-3.2429744881889762
 31
0
  0
LINE
  5
3A9
330
22
100
AcDbEntity
  8
F.Silkscreen
  6
CONTINUOUS
100
AcDbLine
 10
6.1396758267716534
 20
-3.2429744881889762
 30
0
 11
6.1329486614173225
 21
-3.2514101181102362
 31
0
  0
LINE
  5
3AA
330
22
100
AcDbEntity
  8
F.Silkscreen
  6
CONTINUOUS
100
AcDbLine
 10
6.1329486614173225
 20
-3.2514101181102362
 30
0
 11
6.1272082677165356
 21
-3.2605459055118109
 31
0
  0
LINE
  5
3AB
330
22
100
AcDbEntity
  8
F.Silkscreen
  6
CONTINUOUS
100
AcDbLine
 10
6.1272082677165356
 20
-3.2605459055118109
 30
0
 11
6.1225268503937009
 21
-3.2702669685039369
 31
0
  0
LINE
  5
3AC
330
22
100
AcDbEntity
  8
F.Silkscreen
  6
CONTINUOUS
100
AcDbLine
 10
6.1225268503937009
 20
-3.2702669685039369
 30
0
 11
6.1189632677165351
 21
-3.280451062992126
 31
0
  0
LINE
  5
3AD
330
22
100
AcDbEntity
  8
F.Silkscreen
  6
CONTINUOUS
100
AcDbLine
 10
6.1189632677165351
 20
-3.280451062992126
 30
0
 11
6.116562362204724
 21
-3.290970118110236
 31
0
  0
LINE
  5
3AE
330
22
100
AcDbEntity
  8
F.Silkscreen
  6
CONTINUOUS
100
AcDbLine
 10
6.116562362204724
 20
-3.290970118110236
 30
0
 11
6.1153543307086613
 21
-3.3016918503937007
 31
0
  0
LINE
  5
3AF
330
22
100
AcDbEntity
  8
F.Silkscreen
  6
CONTINUOUS
100
AcDbLine
 10
6.1153543307086613
 20
-3.3016918503937007
 30
0
 11
6.1153543307086613
 21
-3.3124813779527558
 31
0
  0
LINE
  5
3B0
330
22
100
AcDbEntity
  8
F.Silkscreen
  6
CONTINUOUS
100
AcDbLine
 10
6.1153543307086613
 20
-3.3124813779527558
 30
0
 11
6.116562362204724
 21
-3.3232031102362205
 31
0
  0
LINE
  5
3B1
330
22
100
AcDbEntity
  8
F.Silkscreen
  6
CONTINUOUS
100
AcDbLine
 10
6.116562362204724
 20
-3.3232031102362205
 30
0
 11
6.1189632677165351
 21
-3.3337221653543305
 31
0
  0
LINE
  5
3B2
330
22
100
AcDbEntity
  8
F.Silkscreen
  6
CONTINUOUS
100
AcDbLine
 10
6.1189632677165351
 20
-3.3337221653543305
 30
0
 11
6.1225268503937009
 21
-3.3439062598425195
 31
0
  0
LINE
  5
3B3
330
22
100
AcDbEntity
  8
F.Silkscreen
  6
CONTINUOUS
100
AcDbLine
 10
6.1225268503937009
 20
-3.3439062598425195
 30
0
 11
6.1272082677165356
 21
-3.3536273228346456
 31
0
  0
LINE
  5
3B4
330
22
100
AcDbEntity
  8
F.Silkscreen
  6
CONTINUOUS
100
AcDbLine
 10
6.1272082677165356
 20
-3.3536273228346456
 30
0
 11
6.1329486614173225
 21
-3.3627631102362203
 31
0
  0
LINE
  5
3B5
330
22
100
AcDbEntity
  8
F.Silkscreen
  6
CONTINUOUS
100
AcDbLine
 10
6.1329486614173225
 20
-3.3627631102362203
 30
0
 11
6.1396758267716534
 21
-3.3711987401574803
 31
0
  0
LINE
  5
3B6
330
22
100
AcDbEntity
  8
F.Silkscreen
  6
CONTINUOUS
100
AcDbLine
 10
6.1396758267716534
 20
-3.3711987401574803
 30
0
 11
6.147305196850394
 21
-3.3788281102362205
 31
0
  0
LINE
  5
3B7
330
22
100
AcDbEntity
  8
F.Silkscreen
  6
CONTINUOUS
100
AcDbLine
 10
6.147305196850394
 20
-3.3788281102362205
 30
0
 11
6.1557408267716536
 21
-3.3855552755905509
 31
0
  0
LINE
  5
3B8
330
22
100
AcDbEntity
  8
F.Silkscreen
  6
CONTINUOUS
100
AcDbLine
 10
6.1557408267716536
 20
-3.3855552755905509
 30
0
 11
6.1648766141732283
 21
-3.3912956692913383
 31
0
  0
LINE
  5
3B9
330
22
100
AcDbEntity
  8
F.Silkscreen
  6
CONTINUOUS
100
AcDbLine
 10
6.1648766141732283
 20
-3.3912956692913383
 30
0
 11
6.1745976771653543
 21
-3.395977086614173
 31
0
  0
LINE
  5
3BA
330
22
100
AcDbEntity
  8
F.Silkscreen
  6
CONTINUOUS
100
AcDbLine
 10
6.1745976771653543
 20
-3.395977086614173
 30
0
 11
6.1847817716535429
 21
-3.3995406692913384
 31
0
  0
LINE
  5
3BB
330
22
100
AcDbEntity
  8
F.Silkscreen
  6
CONTINUOUS
100
AcDbLine
 10
6.1847817716535429
 20
-3.3995406692913384
 30
0
 11
6.1953008267716534
 21
-3.4019415748031494
 31
0
  0
LINE
  5
3BC
330
22
100
AcDbEntity
  8
F.Silkscreen
  6
CONTINUOUS
100
AcDbLine
 10
6.1953008267716534
 20
-3.4019415748031494
 30
0
 11
6.2060225590551177
 21
-3.4031496062992126
 31
0
  0
LINE
  5
3BD
330
22
100
AcDbEntity
  8
F.Silkscreen
  6
CONTINUOUS
100
AcDbLine
 10
6.2060225590551177
 20
-3.4031496062992126
 30
0
 11
6.2168120866141727
 21
-3.4031496062992126
 31
0
  0
LINE
  5
3BE
330
22
100
AcDbEntity
  8
F.Silkscreen
  6
CONTINUOUS
100
AcDbLine
 10
6.2168120866141727
 20
-3.4031496062992126
 30
0
 11
6.2275338188976379
 21
-3.4019415748031494
 31
0
  0
LINE
  5
3BF
330
22
100
AcDbEntity
  8
F.Silkscreen
  6
CONTINUOUS
100
AcDbLine
 10
6.2275338188976379
 20
-3.4019415748031494
 30
0
 11
6.2380528740157475
 21
-3.3995406692913384
 31
0
  0
LINE
  5
3C0
330
22
100
AcDbEntity
  8
F.Silkscreen
  6
CONTINUOUS
100
AcDbLine
 10
6.2380528740157475
 20
-3.3995406692913384
 30
0
 11
6.248236968503937
 21
-3.395977086614173
 31
0
  0
LINE
  5
3C1
330
22
100
AcDbEntity
  8
F.Silkscreen
  6
CONTINUOUS
100
AcDbLine
 10
6.248236968503937
 20
-3.395977086614173
 30
0
 11
6.257958031496063
 21
-3.3912956692913383
 31
0
  0
LINE
  5
3C2
330
22
100
AcDbEntity
  8
F.Silkscreen
  6
CONTINUOUS
100
AcDbLine
 10
6.257958031496063
 20
-3.3912956692913383
 30
0
 11
6.2670938188976377
 21
-3.3855552755905509
 31
0
  0
LINE
  5
3C3
330
22
100
AcDbEntity
  8
F.Silkscreen
  6
CONTINUOUS
100
AcDbLine
 10
6.2670938188976377
 20
-3.3855552755905509
 30
0
 11
6.2755294488188973
 21
-3.3788281102362205
 31
0
  0
LINE
  5
3C4
330
22
100
AcDbEntity
  8
F.Silkscreen
  6
CONTINUOUS
100
AcDbLine
 10
6.2755294488188973
 20
-3.3788281102362205
 30
0
 11
6.2831588188976379
 21
-3.3711987401574803
 31
0
  0
LINE
  5
3C5
330
22
100
AcDbEntity
  8
F.Silkscreen
  6
CONTINUOUS
100
AcDbLine
 10
6.2831588188976379
 20
-3.3711987401574803
 30
0
 11
6.2898859842519688
 21
-3.3627631102362203
 31
0
  0
LINE
  5
3C6
330
22
100
AcDbEntity
  8
F.Silkscreen
  6
CONTINUOUS
100
AcDbLine
 10
6.2898859842519688
 20
-3.3627631102362203
 30
0
 11
6.2956263779527557
 21
-3.3536273228346456
 31
0
  0
LINE
  5
3C7
330
22
100
AcDbEntity
  8
F.Silkscreen
  6
CONTINUOUS
100
AcDbLine
 10
6.2956263779527557
 20
-3.3536273228346456
 30
0
 11
6.3003077952755904
 21
-3.3439062598425195
 31
0
  0
LINE
  5
3C8
330
22
100
AcDbEntity
  8
F.Silkscreen
  6
CONTINUOUS
100
AcDbLine
 10
6.3003077952755904
 20
-3.3439062598425195
 30
0
 11
6.3038713779527562
 21
-3.3337221653543305
 31
0
  0
LINE
  5
3C9
330
22
100
AcDbEntity
  8
F.Silkscreen
  6
CONTINUOUS
100
AcDbLine
 10
6.3038713779527562
 20
-3.3337221653543305
 30
0
 11
6.3062722834645664
 21
-3.3232031102362205
 31
0
  0
LINE
  5
3CA
330
22
100
AcDbEntity
  8
F.Silkscreen
  6
CONTINUOUS
100
AcDbLine
 10
6.3062722834645664
 20
-3.3232031102362205
 30
0
 11
6.30748031496063
 21
-3.3124813779527558
 31
0
  0
LINE
  5
3CB
330
22
100
AcDbEntity
  8
F.Silkscreen
  6
CONTINUOUS
100
AcDbLine
 10
6.30748031496063
 20
-3.3124813779527558
 30
0
 11
6.30748031496063
 21
-3.3016918503937007
 31
0
  0
LINE
  5
3CC
330
22
100
AcDbEntity
  8
F.Silkscreen
  6
CONTINUOUS
100
AcDbLine
 10
6.30748031496063
 20
-3.3016918503937007
 30
0
 11
6.3062722834645664
 21
-3.290970118110236
 31
0
  0
LINE
  5
3CD
330
22
100
AcDbEntity
  8
F.Silkscreen
  6
CONTINUOUS
100
AcDbLine
 10
6.3062722834645664
 20
-3.290970118110236
 30
0
 11
6.3038713779527562
 21
-3.280451062992126
 31
0
  0
LINE
  5
3CE
330
22
100
AcDbEntity
  8
F.Silkscreen
  6
CONTINUOUS
100
AcDbLine
 10
6.3038713779527562
 20
-3.280451062992126
 30
0
 11
6.3003077952755904
 21
-3.2702669685039369
 31
0
  0
LINE
  5
3CF
330
22
100
AcDbEntity
  8
F.Silkscreen
  6
CONTINUOUS
100
AcDbLine
 10
6.3003077952755904
 20
-3.2702669685039369
 30
0
 11
6.2956263779527557
 21
-3.2605459055118109
 31
0
  0
LINE
  5
3D0
330
22
100
AcDbEntity
  8
F.Silkscreen
  6
CONTINUOUS
100
AcDbLine
 10
6.2956263779527557
 20
-3.2605459055118109
 30
0
 11
6.2898859842519688
 21
-3.2514101181102362
 31
0
  0
LINE
  5
3D1
330
22
100
AcDbEntity
  8
F.Silkscreen
  6
CONTINUOUS
100
AcDbLine
 10
6.2898859842519688
 20
-3.2514101181102362
 30
0
 11
6.2831588188976379
 21
-3.2429744881889762
 31
0
  0
LINE
  5
3D2
330
22
100
AcDbEntity
  8
F.Silkscreen
  6
CONTINUOUS
100
AcDbLine
 10
6.2831588188976379
 20
-3.2429744881889762
 30
0
 11
6.2755294488188973
 21
-3.235345118110236
 31
0
  0
LINE
  5
3D3
330
22
100
AcDbEntity
  8
F.Silkscreen
  6
CONTINUOUS
100
AcDbLine
 10
6.2755294488188973
 20
-3.235345118110236
 30
0
 11
6.2670938188976377
 21
-3.2286179527559056
 31
0
  0
LINE
  5
3D4
330
22
100
AcDbEntity
  8
F.Silkscreen
  6
CONTINUOUS
100
AcDbLine
 10
6.2670938188976377
 20
-3.2286179527559056
 30
0
 11
6.257958031496063
 21
-3.2228775590551182
 31
0
  0
LINE
  5
3D5
330
22
100
AcDbEntity
  8
F.Silkscreen
  6
CONTINUOUS
100
AcDbLine
 10
6.257958031496063
 20
-3.2228775590551182
 30
0
 11
6.248236968503937
 21
-3.2181961417322835
 31
0
  0
LINE
  5
3D6
330
22
100
AcDbEntity
  8
F.Silkscreen
  6
CONTINUOUS
100
AcDbLine
 10
6.248236968503937
 20
-3.2181961417322835
 30
0
 11
6.2380528740157475
 21
-3.2146325590551181
 31
0
  0
LINE
  5
3D7
330
22
100
AcDbEntity
  8
F.Silkscreen
  6
CONTINUOUS
100
AcDbLine
 10
6.2380528740157475
 20
-3.2146325590551181
 30
0
 11
6.2275338188976379
 21
-3.2122316535433071
 31
0
  0
LINE
  5
3D8
330
22
100
AcDbEntity
  8
F.Silkscreen
  6
CONTINUOUS
100
AcDbLine
 10
6.2275338188976379
 20
-3.2122316535433071
 30
0
 11
6.2168120866141727
 21
-3.2110236220472439
 31
0
  0
LINE
  5
3D9
330
22
100
AcDbEntity
  8
F.Silkscreen
  6
CONTINUOUS
100
AcDbLine
 10
6.2168120866141727
 20
-3.2110236220472439
 30
0
 11
6.2060225590551177
 21
-3.2110236220472439
 31
0
  0
LINE
  5
3DA
330
22
100
AcDbEntity
  8
F.Silkscreen
  6
CONTINUOUS
100
AcDbLine
 10
6.2060225590551177
 20
-3.2110236220472439
 30
0
 11
6.1953008267716534
 21
-3.2122316535433071
 31
0
  0
LINE
  5
3DB
330
22
100
AcDbEntity
  8
F.Silkscreen
  6
CONTINUOUS
100
AcDbLine
 10
5.2324000393700789
 20
-3.2352191732283462
 30
0
 11
5.2336784645669292
 21
-3.2364975984251969
 31
0
  0
LINE
  5
3DC
330
22
100
AcDbEntity
  8
F.Silkscreen
  6
CONTINUOUS
100
AcDbLine
 10
5.2336784645669292
 20
-3.2364975984251969
 30
0
 11
5.2338582677165357
 21
-3.2374015748031497
 31
0
  0
LINE
  5
3DD
330
22
100
AcDbEntity
  8
F.Silkscreen
  6
CONTINUOUS
100
AcDbLine
 10
5.2338582677165357
 20
-3.2374015748031497
 30
0
 11
5.2338582677165357
 21
-3.3417322834645669
 31
0
  0
LINE
  5
3DE
330
22
100
AcDbEntity
  8
F.Silkscreen
  6
CONTINUOUS
100
AcDbLine
 10
5.2338582677165357
 20
-3.3417322834645669
 30
0
 11
5.2336784645669292
 21
-3.3426362598425197
 31
0
  0
LINE
  5
3DF
330
22
100
AcDbEntity
  8
F.Silkscreen
  6
CONTINUOUS
100
AcDbLine
 10
5.2336784645669292
 20
-3.3426362598425197
 30
0
 11
5.2324000393700789
 21
-3.3439146850393699
 31
0
  0
LINE
  5
3E0
330
22
100
AcDbEntity
  8
F.Silkscreen
  6
CONTINUOUS
100
AcDbLine
 10
5.2324000393700789
 20
-3.3439146850393699
 30
0
 11
5.2314960629921261
 21
-3.3440944881889765
 31
0
  0
LINE
  5
3E1
330
22
100
AcDbEntity
  8
F.Silkscreen
  6
CONTINUOUS
100
AcDbLine
 10
5.2314960629921261
 20
-3.3440944881889765
 30
0
 11
5.1228346456692915
 21
-3.3440944881889765
 31
0
  0
LINE
  5
3E2
330
22
100
AcDbEntity
  8
F.Silkscreen
  6
CONTINUOUS
100
AcDbLine
 10
5.1228346456692915
 20
-3.3440944881889765
 30
0
 11
5.1219306692913387
 21
-3.3439146850393699
 31
0
  0
LINE
  5
3E3
330
22
100
AcDbEntity
  8
F.Silkscreen
  6
CONTINUOUS
100
AcDbLine
 10
5.1219306692913387
 20
-3.3439146850393699
 30
0
 11
5.1206522440944884
 21
-3.3426362598425197
 31
0
  0
LINE
  5
3E4
330
22
100
AcDbEntity
  8
F.Silkscreen
  6
CONTINUOUS
100
AcDbLine
 10
5.1206522440944884
 20
-3.3426362598425197
 30
0
 11
5.1204724409448819
 21
-3.3417322834645669
 31
0
  0
LINE
  5
3E5
330
22
100
AcDbEntity
  8
F.Silkscreen
  6
CONTINUOUS
100
AcDbLine
 10
5.1204724409448819
 20
-3.3417322834645669
 30
0
 11
5.1204724409448819
 21
-3.2374015748031497
 31
0
  0
LINE
  5
3E6
330
22
100
AcDbEntity
  8
F.Silkscreen
  6
CONTINUOUS
100
AcDbLine
 10
5.1204724409448819
 20
-3.2374015748031497
 30
0
 11
5.1206522440944884
 21
-3.2364975984251969
 31
0
  0
LINE
  5
3E7
330
22
100
AcDbEntity
  8
F.Silkscreen
  6
CONTINUOUS
100
AcDbLine
 10
5.1206522440944884
 20
-3.2364975984251969
 30
0
 11
5.1219306692913387
 21
-3.2352191732283462
 31
0
  0
LINE
  5
3E8
330
22
100
AcDbEntity
  8
F.Silkscreen
  6
CONTINUOUS
100
AcDbLine
 10
5.1219306692913387
 20
-3.2352191732283462
 30
0
 11
5.1228346456692915
 21
-3.2350393700787401
 31
0
  0
LINE
  5
3E9
330
22
100
AcDbEntity
  8
F.Silkscreen
  6
CONTINUOUS
100
AcDbLine
 10
5.1228346456692915
 20
-3.2350393700787401
 30
0
 11
5.2314960629921261
 21
-3.2350393700787401
 31
0
  0
LINE
  5
3EA
330
22
100
AcDbEntity
  8
F.Silkscreen
  6
CONTINUOUS
100
AcDbLine
 10
5.2314960629921261
 20
-3.2350393700787401
 30
0
 11
5.2324000393700789
 21
-3.2352191732283462
 31
0
  0
LINE
  5
3EB
330
22
100
AcDbEntity
  8
F.Silkscreen
  6
CONTINUOUS
100
AcDbLine
 10
5.1251968503937011
 20
-3.2397637795275589
 30
0
 11
5.1251968503937011
 21
-3.3393700787401572
 31
0
  0
LINE
  5
3EC
330
22
100
AcDbEntity
  8
F.Silkscreen
  6
CONTINUOUS
100
AcDbLine
 10
5.1251968503937011
 20
-3.3393700787401572
 30
0
 11
5.2291338582677165
 21
-3.3393700787401572
 31
0
  0
LINE
  5
3ED
330
22
100
AcDbEntity
  8
F.Silkscreen
  6
CONTINUOUS
100
AcDbLine
 10
5.2291338582677165
 20
-3.3393700787401572
 30
0
 11
5.2291338582677165
 21
-3.2397637795275589
 31
0
  0
LINE
  5
3EE
330
22
100
AcDbEntity
  8
F.Silkscreen
  6
CONTINUOUS
100
AcDbLine
 10
5.2291338582677165
 20
-3.2397637795275589
 30
0
 11
5.1251968503937011
 21
-3.2397637795275589
 31
0
  0
LINE
  5
3EF
330
22
100
AcDbEntity
  8
F.Silkscreen
  6
CONTINUOUS
100
AcDbLine
 10
5.1780693307086612
 20
-3.130888464566929
 30
0
 11
5.1793477559055114
 21
-3.1321668897637793
 31
0
  0
LINE
  5
3F0
330
22
100
AcDbEntity
  8
F.Silkscreen
  6
CONTINUOUS
100
AcDbLine
 10
5.1793477559055114
 20
-3.1321668897637793
 30
0
 11
5.1793477559055114
 21
-3.1339748425196849
 31
0
  0
LINE
  5
3F1
330
22
100
AcDbEntity
  8
F.Silkscreen
  6
CONTINUOUS
100
AcDbLine
 10
5.1793477559055114
 20
-3.1339748425196849
 30
0
 11
5.1780693307086612
 21
-3.1352532677165352
 31
0
  0
LINE
  5
3F2
330
22
100
AcDbEntity
  8
F.Silkscreen
  6
CONTINUOUS
100
AcDbLine
 10
5.1780693307086612
 20
-3.1352532677165352
 30
0
 11
5.1771653543307083
 21
-3.1354330708661418
 31
0
  0
LINE
  5
3F3
330
22
100
AcDbEntity
  8
F.Silkscreen
  6
CONTINUOUS
100
AcDbLine
 10
5.1771653543307083
 20
-3.1354330708661418
 30
0
 11
5.1251968503937011
 21
-3.1354330708661418
 31
0
  0
LINE
  5
3F4
330
22
100
AcDbEntity
  8
F.Silkscreen
  6
CONTINUOUS
100
AcDbLine
 10
5.1251968503937011
 20
-3.1354330708661418
 30
0
 11
5.1251968503937011
 21
-3.1874015748031495
 31
0
  0
LINE
  5
3F5
330
22
100
AcDbEntity
  8
F.Silkscreen
  6
CONTINUOUS
100
AcDbLine
 10
5.1251968503937011
 20
-3.1874015748031495
 30
0
 11
5.1250170472440946
 21
-3.1883055511811023
 31
0
  0
LINE
  5
3F6
330
22
100
AcDbEntity
  8
F.Silkscreen
  6
CONTINUOUS
100
AcDbLine
 10
5.1250170472440946
 20
-3.1883055511811023
 30
0
 11
5.1237386220472443
 21
-3.1895839763779525
 31
0
  0
LINE
  5
3F7
330
22
100
AcDbEntity
  8
F.Silkscreen
  6
CONTINUOUS
100
AcDbLine
 10
5.1237386220472443
 20
-3.1895839763779525
 30
0
 11
5.1219306692913387
 21
-3.1895839763779525
 31
0
  0
LINE
  5
3F8
330
22
100
AcDbEntity
  8
F.Silkscreen
  6
CONTINUOUS
100
AcDbLine
 10
5.1219306692913387
 20
-3.1895839763779525
 30
0
 11
5.1206522440944884
 21
-3.1883055511811023
 31
0
  0
LINE
  5
3F9
330
22
100
AcDbEntity
  8
F.Silkscreen
  6
CONTINUOUS
100
AcDbLine
 10
5.1206522440944884
 20
-3.1883055511811023
 30
0
 11
5.1204724409448819
 21
-3.1874015748031495
 31
0
  0
LINE
  5
3FA
330
22
100
AcDbEntity
  8
F.Silkscreen
  6
CONTINUOUS
100
AcDbLine
 10
5.1204724409448819
 20
-3.1874015748031495
 30
0
 11
5.1204724409448819
 21
-3.1330708661417321
 31
0
  0
LINE
  5
3FB
330
22
100
AcDbEntity
  8
F.Silkscreen
  6
CONTINUOUS
100
AcDbLine
 10
5.1204724409448819
 20
-3.1330708661417321
 30
0
 11
5.1206522440944884
 21
-3.1321668897637793
 31
0
  0
LINE
  5
3FC
330
22
100
AcDbEntity
  8
F.Silkscreen
  6
CONTINUOUS
100
AcDbLine
 10
5.1206522440944884
 20
-3.1321668897637793
 30
0
 11
5.1219306692913387
 21
-3.130888464566929
 31
0
  0
LINE
  5
3FD
330
22
100
AcDbEntity
  8
F.Silkscreen
  6
CONTINUOUS
100
AcDbLine
 10
5.1219306692913387
 20
-3.130888464566929
 30
0
 11
5.1228346456692915
 21
-3.130708661417323
 31
0
  0
LINE
  5
3FE
330
22
100
AcDbEntity
  8
F.Silkscreen
  6
CONTINUOUS
100
AcDbLine
 10
5.1228346456692915
 20
-3.130708661417323
 30
0
 11
5.1771653543307083
 21
-3.130708661417323
 31
0
  0
LINE
  5
3FF
330
22
100
AcDbEntity
  8
F.Silkscreen
  6
CONTINUOUS
100
AcDbLine
 10
5.1771653543307083
 20
-3.130708661417323
 30
0
 11
5.1780693307086612
 21
-3.130888464566929
 31
0
  0
LINE
  5
400
330
22
100
AcDbEntity
  8
F.Silkscreen
  6
CONTINUOUS
100
AcDbLine
 10
5.6589529527559055
 20
-3.1267932283464566
 30
0
 11
5.6590307086614171
 21
-3.126787716535433
 31
0
  0
LINE
  5
401
330
22
100
AcDbEntity
  8
F.Silkscreen
  6
CONTINUOUS
100
AcDbLine
 10
5.6590307086614171
 20
-3.126787716535433
 30
0
 11
5.6591329527559058
 21
-3.1268109448818895
 31
0
  0
LINE
  5
402
330
22
100
AcDbEntity
  8
F.Silkscreen
  6
CONTINUOUS
100
AcDbLine
 10
5.6591329527559058
 20
-3.1268109448818895
 30
0
 11
5.6592374803149603
 21
-3.1268212598425196
 31
0
  0
LINE
  5
403
330
22
100
AcDbEntity
  8
F.Silkscreen
  6
CONTINUOUS
100
AcDbLine
 10
5.6592374803149603
 20
-3.1268212598425196
 30
0
 11
5.6593095669291333
 21
-3.1268511023622048
 31
0
  0
LINE
  5
404
330
22
100
AcDbEntity
  8
F.Silkscreen
  6
CONTINUOUS
100
AcDbLine
 10
5.6593095669291333
 20
-3.1268511023622048
 30
0
 11
5.6595951574803145
 21
-3.1269160629921258
 31
0
  0
LINE
  5
405
330
22
100
AcDbEntity
  8
F.Silkscreen
  6
CONTINUOUS
100
AcDbLine
 10
5.6595951574803145
 20
-3.1269160629921258
 30
0
 11
5.6652194488188972
 21
-3.1287908267716533
 31
0
  0
LINE
  5
406
330
22
100
AcDbEntity
  8
F.Silkscreen
  6
CONTINUOUS
100
AcDbLine
 10
5.6652194488188972
 20
-3.1287908267716533
 30
0
 11
5.6657479921259846
 21
-3.1290268110236221
 31
0
  0
LINE
  5
407
330
22
100
AcDbEntity
  8
F.Silkscreen
  6
CONTINUOUS
100
AcDbLine
 10
5.6657479921259846
 20
-3.1290268110236221
 30
0
 11
5.6658281102362205
 21
-3.1290962992125984
 31
0
  0
LINE
  5
408
330
22
100
AcDbEntity
  8
F.Silkscreen
  6
CONTINUOUS
100
AcDbLine
 10
5.6658281102362205
 20
-3.1290962992125984
 30
0
 11
5.6659261811023622
 21
-3.1291369291338582
 31
0
  0
LINE
  5
409
330
22
100
AcDbEntity
  8
F.Silkscreen
  6
CONTINUOUS
100
AcDbLine
 10
5.6659261811023622
 20
-3.1291369291338582
 30
0
 11
5.666373622047244
 21
-3.1295041338582679
 31
0
  0
LINE
  5
40A
330
22
100
AcDbEntity
  8
F.Silkscreen
  6
CONTINUOUS
100
AcDbLine
 10
5.666373622047244
 20
-3.1295041338582679
 30
0
 11
5.6701231496062992
 21
-3.133253661417323
 31
0
  0
LINE
  5
40B
330
22
100
AcDbEntity
  8
F.Silkscreen
  6
CONTINUOUS
100
AcDbLine
 10
5.6701231496062992
 20
-3.133253661417323
 30
0
 11
5.6703089763779531
 21
-3.1334800393700788
 31
0
  0
LINE
  5
40C
330
22
100
AcDbEntity
  8
F.Silkscreen
  6
CONTINUOUS
100
AcDbLine
 10
5.6703089763779531
 20
-3.1334800393700788
 30
0
 11
5.6703679133858262
 21
-3.1335311811023621
 31
0
  0
LINE
  5
40D
330
22
100
AcDbEntity
  8
F.Silkscreen
  6
CONTINUOUS
100
AcDbLine
 10
5.6703679133858262
 20
-3.1335311811023621
 30
0
 11
5.6704237795275585
 21
-3.1336199212598426
 31
0
  0
LINE
  5
40E
330
22
100
AcDbEntity
  8
F.Silkscreen
  6
CONTINUOUS
100
AcDbLine
 10
5.6704237795275585
 20
-3.1336199212598426
 30
0
 11
5.6704903937007876
 21
-3.1337011023622048
 31
0
  0
LINE
  5
40F
330
22
100
AcDbEntity
  8
F.Silkscreen
  6
CONTINUOUS
100
AcDbLine
 10
5.6704903937007876
 20
-3.1337011023622048
 30
0
 11
5.6705202362204723
 21
-3.1337732283464566
 31
0
  0
LINE
  5
410
330
22
100
AcDbEntity
  8
F.Silkscreen
  6
CONTINUOUS
100
AcDbLine
 10
5.6705202362204723
 20
-3.1337732283464566
 30
0
 11
5.6706762598425193
 21
-3.1340210629921259
 31
0
  0
LINE
  5
411
330
22
100
AcDbEntity
  8
F.Silkscreen
  6
CONTINUOUS
100
AcDbLine
 10
5.6706762598425193
 20
-3.1340210629921259
 30
0
 11
5.6725510236220469
 21
-3.137770590551181
 31
0
  0
LINE
  5
412
330
22
100
AcDbEntity
  8
F.Silkscreen
  6
CONTINUOUS
100
AcDbLine
 10
5.6725510236220469
 20
-3.137770590551181
 30
0
 11
5.6725671259842523
 21
-3.1378126771653543
 31
0
  0
LINE
  5
413
330
22
100
AcDbEntity
  8
F.Silkscreen
  6
CONTINUOUS
100
AcDbLine
 10
5.6725671259842523
 20
-3.1378126771653543
 30
0
 11
5.6725798425196849
 21
-3.1378298425196851
 31
0
  0
LINE
  5
414
330
22
100
AcDbEntity
  8
F.Silkscreen
  6
CONTINUOUS
100
AcDbLine
 10
5.6725798425196849
 20
-3.1378298425196851
 30
0
 11
5.6726659055118107
 21
-3.1380707480314958
 31
0
  0
LINE
  5
415
330
22
100
AcDbEntity
  8
F.Silkscreen
  6
CONTINUOUS
100
AcDbLine
 10
5.6726659055118107
 20
-3.1380707480314958
 30
0
 11
5.6727579133858264
 21
-3.1383111811023623
 31
0
  0
LINE
  5
416
330
22
100
AcDbEntity
  8
F.Silkscreen
  6
CONTINUOUS
100
AcDbLine
 10
5.6727579133858264
 20
-3.1383111811023623
 30
0
 11
5.672759409448819
 21
-3.1383324409448816
 31
0
  0
LINE
  5
417
330
22
100
AcDbEntity
  8
F.Silkscreen
  6
CONTINUOUS
100
AcDbLine
 10
5.672759409448819
 20
-3.1383324409448816
 30
0
 11
5.6727746062992122
 21
-3.1383749606299212
 31
0
  0
LINE
  5
418
330
22
100
AcDbEntity
  8
F.Silkscreen
  6
CONTINUOUS
100
AcDbLine
 10
5.6727746062992122
 20
-3.1383749606299212
 30
0
 11
5.6746493700787397
 21
-3.1458740157480314
 31
0
  0
LINE
  5
419
330
22
100
AcDbEntity
  8
F.Silkscreen
  6
CONTINUOUS
100
AcDbLine
 10
5.6746493700787397
 20
-3.1458740157480314
 30
0
 11
5.6746641338582675
 21
-3.1459738582677166
 31
0
  0
LINE
  5
41A
330
22
100
AcDbEntity
  8
F.Silkscreen
  6
CONTINUOUS
100
AcDbLine
 10
5.6746641338582675
 20
-3.1459738582677166
 30
0
 11
5.6746807874015746
 21
-3.1460140944881889
 31
0
  0
LINE
  5
41B
330
22
100
AcDbEntity
  8
F.Silkscreen
  6
CONTINUOUS
100
AcDbLine
 10
5.6746807874015746
 20
-3.1460140944881889
 30
0
 11
5.6747021259842523
 21
-3.1462311023622047
 31
0
  0
LINE
  5
41C
330
22
100
AcDbEntity
  8
F.Silkscreen
  6
CONTINUOUS
100
AcDbLine
 10
5.6747021259842523
 20
-3.1462311023622047
 30
0
 11
5.6747340157480313
 21
-3.1464466141732284
 31
0
  0
LINE
  5
41D
330
22
100
AcDbEntity
  8
F.Silkscreen
  6
CONTINUOUS
100
AcDbLine
 10
5.6747340157480313
 20
-3.1464466141732284
 30
0
 11
5.6747275984251964
 21
-3.1464896062992125
 31
0
  0
LINE
  5
41E
330
22
100
AcDbEntity
  8
F.Silkscreen
  6
CONTINUOUS
100
AcDbLine
 10
5.6747275984251964
 20
-3.1464896062992125
 30
0
 11
5.6747375196850394
 21
-3.1465901574803148
 31
0
  0
LINE
  5
41F
330
22
100
AcDbEntity
  8
F.Silkscreen
  6
CONTINUOUS
100
AcDbLine
 10
5.6747375196850394
 20
-3.1465901574803148
 30
0
 11
5.6747375196850394
 21
-3.1522144488188975
 31
0
  0
LINE
  5
420
330
22
100
AcDbEntity
  8
F.Silkscreen
  6
CONTINUOUS
100
AcDbLine
 10
5.6747375196850394
 20
-3.1522144488188975
 30
0
 11
5.6747275984251964
 21
-3.152314960629921
 31
0
  0
LINE
  5
421
330
22
100
AcDbEntity
  8
F.Silkscreen
  6
CONTINUOUS
100
AcDbLine
 10
5.6747275984251964
 20
-3.152314960629921
 30
0
 11
5.6747340157480313
 21
-3.1523579921259843
 31
0
  0
LINE
  5
422
330
22
100
AcDbEntity
  8
F.Silkscreen
  6
CONTINUOUS
100
AcDbLine
 10
5.6747340157480313
 20
-3.1523579921259843
 30
0
 11
5.6747021259842523
 21
-3.1525734645669292
 31
0
  0
LINE
  5
423
330
22
100
AcDbEntity
  8
F.Silkscreen
  6
CONTINUOUS
100
AcDbLine
 10
5.6747021259842523
 20
-3.1525734645669292
 30
0
 11
5.6746807874015746
 21
-3.1527905118110238
 31
0
  0
LINE
  5
424
330
22
100
AcDbEntity
  8
F.Silkscreen
  6
CONTINUOUS
100
AcDbLine
 10
5.6746807874015746
 20
-3.1527905118110238
 30
0
 11
5.6746641338582675
 21
-3.1528307086614173
 31
0
  0
LINE
  5
425
330
22
100
AcDbEntity
  8
F.Silkscreen
  6
CONTINUOUS
100
AcDbLine
 10
5.6746641338582675
 20
-3.1528307086614173
 30
0
 11
5.6746493700787397
 21
-3.1529305905511809
 31
0
  0
LINE
  5
426
330
22
100
AcDbEntity
  8
F.Silkscreen
  6
CONTINUOUS
100
AcDbLine
 10
5.6746493700787397
 20
-3.1529305905511809
 30
0
 11
5.6727746062992122
 21
-3.1604296456692911
 31
0
  0
LINE
  5
427
330
22
100
AcDbEntity
  8
F.Silkscreen
  6
CONTINUOUS
100
AcDbLine
 10
5.6727746062992122
 20
-3.1604296456692911
 30
0
 11
5.672759409448819
 21
-3.1604721259842519
 31
0
  0
LINE
  5
428
330
22
100
AcDbEntity
  8
F.Silkscreen
  6
CONTINUOUS
100
AcDbLine
 10
5.672759409448819
 20
-3.1604721259842519
 30
0
 11
5.6727579133858264
 21
-3.1604934251968504
 31
0
  0
LINE
  5
429
330
22
100
AcDbEntity
  8
F.Silkscreen
  6
CONTINUOUS
100
AcDbLine
 10
5.6727579133858264
 20
-3.1604934251968504
 30
0
 11
5.6726661417322832
 21
-3.1607331496062989
 31
0
  0
LINE
  5
42A
330
22
100
AcDbEntity
  8
F.Silkscreen
  6
CONTINUOUS
100
AcDbLine
 10
5.6726661417322832
 20
-3.1607331496062989
 30
0
 11
5.6725798425196849
 21
-3.1609747637795276
 31
0
  0
LINE
  5
42B
330
22
100
AcDbEntity
  8
F.Silkscreen
  6
CONTINUOUS
100
AcDbLine
 10
5.6725798425196849
 20
-3.1609747637795276
 30
0
 11
5.6725671259842523
 21
-3.1609918897637796
 31
0
  0
LINE
  5
42C
330
22
100
AcDbEntity
  8
F.Silkscreen
  6
CONTINUOUS
100
AcDbLine
 10
5.6725671259842523
 20
-3.1609918897637796
 30
0
 11
5.6725510236220469
 21
-3.1610340157480312
 31
0
  0
LINE
  5
42D
330
22
100
AcDbEntity
  8
F.Silkscreen
  6
CONTINUOUS
100
AcDbLine
 10
5.6725510236220469
 20
-3.1610340157480312
 30
0
 11
5.6706762598425193
 21
-3.1647835433070863
 31
0
  0
LINE
  5
42E
330
22
100
AcDbEntity
  8
F.Silkscreen
  6
CONTINUOUS
100
AcDbLine
 10
5.6706762598425193
 20
-3.1647835433070863
 30
0
 11
5.6705201968503935
 21
-3.1650314173228344
 31
0
  0
LINE
  5
42F
330
22
100
AcDbEntity
  8
F.Silkscreen
  6
CONTINUOUS
100
AcDbLine
 10
5.6705201968503935
 20
-3.1650314173228344
 30
0
 11
5.6704903937007876
 21
-3.1651034645669291
 31
0
  0
LINE
  5
430
330
22
100
AcDbEntity
  8
F.Silkscreen
  6
CONTINUOUS
100
AcDbLine
 10
5.6704903937007876
 20
-3.1651034645669291
 30
0
 11
5.670423858267716
 21
-3.1651844881889764
 31
0
  0
LINE
  5
431
330
22
100
AcDbEntity
  8
F.Silkscreen
  6
CONTINUOUS
100
AcDbLine
 10
5.670423858267716
 20
-3.1651844881889764
 30
0
 11
5.6703679133858262
 21
-3.1652734251968502
 31
0
  0
LINE
  5
432
330
22
100
AcDbEntity
  8
F.Silkscreen
  6
CONTINUOUS
100
AcDbLine
 10
5.6703679133858262
 20
-3.1652734251968502
 30
0
 11
5.6703088976377956
 21
-3.1653245669291339
 31
0
  0
LINE
  5
433
330
22
100
AcDbEntity
  8
F.Silkscreen
  6
CONTINUOUS
100
AcDbLine
 10
5.6703088976377956
 20
-3.1653245669291339
 30
0
 11
5.6701231889763779
 21
-3.165550905511811
 31
0
  0
LINE
  5
434
330
22
100
AcDbEntity
  8
F.Silkscreen
  6
CONTINUOUS
100
AcDbLine
 10
5.6701231889763779
 20
-3.165550905511811
 30
0
 11
5.666373622047244
 21
-3.1693005118110236
 31
0
  0
LINE
  5
435
330
22
100
AcDbEntity
  8
F.Silkscreen
  6
CONTINUOUS
100
AcDbLine
 10
5.666373622047244
 20
-3.1693005118110236
 30
0
 11
5.6659261811023622
 21
-3.1696677165354328
 31
0
  0
LINE
  5
436
330
22
100
AcDbEntity
  8
F.Silkscreen
  6
CONTINUOUS
100
AcDbLine
 10
5.6659261811023622
 20
-3.1696677165354328
 30
0
 11
5.6658281102362205
 21
-3.1697083070866139
 31
0
  0
LINE
  5
437
330
22
100
AcDbEntity
  8
F.Silkscreen
  6
CONTINUOUS
100
AcDbLine
 10
5.6658281102362205
 20
-3.1697083070866139
 30
0
 11
5.6657479921259846
 21
-3.1697778346456693
 31
0
  0
LINE
  5
438
330
22
100
AcDbEntity
  8
F.Silkscreen
  6
CONTINUOUS
100
AcDbLine
 10
5.6657479921259846
 20
-3.1697778346456693
 30
0
 11
5.6652194488188972
 21
-3.1700138188976377
 31
0
  0
LINE
  5
439
330
22
100
AcDbEntity
  8
F.Silkscreen
  6
CONTINUOUS
100
AcDbLine
 10
5.6652194488188972
 20
-3.1700138188976377
 30
0
 11
5.6595951574803145
 21
-3.1718885826771652
 31
0
  0
LINE
  5
43A
330
22
100
AcDbEntity
  8
F.Silkscreen
  6
CONTINUOUS
100
AcDbLine
 10
5.6595951574803145
 20
-3.1718885826771652
 30
0
 11
5.6593095669291333
 21
-3.1719535039370079
 31
0
  0
LINE
  5
43B
330
22
100
AcDbEntity
  8
F.Silkscreen
  6
CONTINUOUS
100
AcDbLine
 10
5.6593095669291333
 20
-3.1719535039370079
 30
0
 11
5.6592374803149603
 21
-3.1719833858267714
 31
0
  0
LINE
  5
43C
330
22
100
AcDbEntity
  8
F.Silkscreen
  6
CONTINUOUS
100
AcDbLine
 10
5.6592374803149603
 20
-3.1719833858267714
 30
0
 11
5.6591329527559058
 21
-3.1719936614173228
 31
0
  0
LINE
  5
43D
330
22
100
AcDbEntity
  8
F.Silkscreen
  6
CONTINUOUS
100
AcDbLine
 10
5.6591329527559058
 20
-3.1719936614173228
 30
0
 11
5.6590307086614171
 21
-3.172016929133858
 31
0
  0
LINE
  5
43E
330
22
100
AcDbEntity
  8
F.Silkscreen
  6
CONTINUOUS
100
AcDbLine
 10
5.6590307086614171
 20
-3.172016929133858
 30
0
 11
5.6589529527559055
 21
-3.1720113779527557
 31
0
  0
LINE
  5
43F
330
22
100
AcDbEntity
  8
F.Silkscreen
  6
CONTINUOUS
100
AcDbLine
 10
5.6589529527559055
 20
-3.1720113779527557
 30
0
 11
5.6586614173228345
 21
-3.1720401181102362
 31
0
  0
LINE
  5
440
330
22
100
AcDbEntity
  8
F.Silkscreen
  6
CONTINUOUS
100
AcDbLine
 10
5.6586614173228345
 20
-3.1720401181102362
 30
0
 11
5.6492875984251967
 21
-3.1720401181102362
 31
0
  0
LINE
  5
441
330
22
100
AcDbEntity
  8
F.Silkscreen
  6
CONTINUOUS
100
AcDbLine
 10
5.6492875984251967
 20
-3.1720401181102362
 30
0
 11
5.6487115354330708
 21
-3.1719833858267714
 31
0
  0
LINE
  5
442
330
22
100
AcDbEntity
  8
F.Silkscreen
  6
CONTINUOUS
100
AcDbLine
 10
5.6487115354330708
 20
-3.1719833858267714
 30
0
 11
5.6476471259842516
 21
-3.1715424803149608
 31
0
  0
LINE
  5
443
330
22
100
AcDbEntity
  8
F.Silkscreen
  6
CONTINUOUS
100
AcDbLine
 10
5.6476471259842516
 20
-3.1715424803149608
 30
0
 11
5.6468324803149601
 21
-3.1707278346456693
 31
0
  0
LINE
  5
444
330
22
100
AcDbEntity
  8
F.Silkscreen
  6
CONTINUOUS
100
AcDbLine
 10
5.6468324803149601
 20
-3.1707278346456693
 30
0
 11
5.6463915748031495
 21
-3.1696634251968505
 31
0
  0
LINE
  5
445
330
22
100
AcDbEntity
  8
F.Silkscreen
  6
CONTINUOUS
100
AcDbLine
 10
5.6463915748031495
 20
-3.1696634251968505
 30
0
 11
5.6463348425196846
 21
-3.1690873622047242
 31
0
  0
LINE
  5
446
330
22
100
AcDbEntity
  8
F.Silkscreen
  6
CONTINUOUS
100
AcDbLine
 10
5.6463348425196846
 20
-3.1690873622047242
 30
0
 11
5.6463348425196846
 21
-3.1297172834645668
 31
0
  0
LINE
  5
447
330
22
100
AcDbEntity
  8
F.Silkscreen
  6
CONTINUOUS
100
AcDbLine
 10
5.6463348425196846
 20
-3.1297172834645668
 30
0
 11
5.6463915748031495
 21
-3.1291412204724409
 31
0
  0
LINE
  5
448
330
22
100
AcDbEntity
  8
F.Silkscreen
  6
CONTINUOUS
100
AcDbLine
 10
5.6463915748031495
 20
-3.1291412204724409
 30
0
 11
5.6468324803149601
 21
-3.1280768110236221
 31
0
  0
LINE
  5
449
330
22
100
AcDbEntity
  8
F.Silkscreen
  6
CONTINUOUS
100
AcDbLine
 10
5.6468324803149601
 20
-3.1280768110236221
 30
0
 11
5.6476471259842516
 21
-3.1272621653543307
 31
0
  0
LINE
  5
44A
330
22
100
AcDbEntity
  8
F.Silkscreen
  6
CONTINUOUS
100
AcDbLine
 10
5.6476471259842516
 20
-3.1272621653543307
 30
0
 11
5.6487115354330708
 21
-3.1268212598425196
 31
0
  0
LINE
  5
44B
330
22
100
AcDbEntity
  8
F.Silkscreen
  6
CONTINUOUS
100
AcDbLine
 10
5.6487115354330708
 20
-3.1268212598425196
 30
0
 11
5.6492875984251967
 21
-3.1267645275590552
 31
0
  0
LINE
  5
44C
330
22
100
AcDbEntity
  8
F.Silkscreen
  6
CONTINUOUS
100
AcDbLine
 10
5.6492875984251967
 20
-3.1267645275590552
 30
0
 11
5.6586614173228345
 21
-3.1267645275590552
 31
0
  0
LINE
  5
44D
330
22
100
AcDbEntity
  8
F.Silkscreen
  6
CONTINUOUS
100
AcDbLine
 10
5.6586614173228345
 20
-3.1267645275590552
 30
0
 11
5.6589529527559055
 21
-3.1267932283464566
 31
0
  0
LINE
  5
44E
330
22
100
AcDbEntity
  8
F.Silkscreen
  6
CONTINUOUS
100
AcDbLine
 10
5.6522403543307087
 20
-3.1661346062992126
 30
0
 11
5.6581822834645665
 21
-3.1661346062992126
 31
0
  0
LINE
  5
44F
330
22
100
AcDbEntity
  8
F.Silkscreen
  6
CONTINUOUS
100
AcDbLine
 10
5.6581822834645665
 20
-3.1661346062992126
 30
0
 11
5.6626906692913384
 21
-3.1646317716535433
 31
0
  0
LINE
  5
450
330
22
100
AcDbEntity
  8
F.Silkscreen
  6
CONTINUOUS
100
AcDbLine
 10
5.6626906692913384
 20
-3.1646317716535433
 30
0
 11
5.6656084645669287
 21
-3.1617139370078737
 31
0
  0
LINE
  5
451
330
22
100
AcDbEntity
  8
F.Silkscreen
  6
CONTINUOUS
100
AcDbLine
 10
5.6656084645669287
 20
-3.1617139370078737
 30
0
 11
5.6671239763779528
 21
-3.1586829527559055
 31
0
  0
LINE
  5
452
330
22
100
AcDbEntity
  8
F.Silkscreen
  6
CONTINUOUS
100
AcDbLine
 10
5.6671239763779528
 20
-3.1586829527559055
 30
0
 11
5.6688320078740153
 21
-3.1518509055118109
 31
0
  0
LINE
  5
453
330
22
100
AcDbEntity
  8
F.Silkscreen
  6
CONTINUOUS
100
AcDbLine
 10
5.6688320078740153
 20
-3.1518509055118109
 30
0
 11
5.6688320078740153
 21
-3.1469537007874013
 31
0
  0
LINE
  5
454
330
22
100
AcDbEntity
  8
F.Silkscreen
  6
CONTINUOUS
100
AcDbLine
 10
5.6688320078740153
 20
-3.1469537007874013
 30
0
 11
5.6671239763779528
 21
-3.1401216535433072
 31
0
  0
LINE
  5
455
330
22
100
AcDbEntity
  8
F.Silkscreen
  6
CONTINUOUS
100
AcDbLine
 10
5.6671239763779528
 20
-3.1401216535433072
 30
0
 11
5.6656085039370074
 21
-3.1370906692913385
 31
0
  0
LINE
  5
456
330
22
100
AcDbEntity
  8
F.Silkscreen
  6
CONTINUOUS
100
AcDbLine
 10
5.6656085039370074
 20
-3.1370906692913385
 30
0
 11
5.6626906692913384
 21
-3.1341728346456694
 31
0
  0
LINE
  5
457
330
22
100
AcDbEntity
  8
F.Silkscreen
  6
CONTINUOUS
100
AcDbLine
 10
5.6626906692913384
 20
-3.1341728346456694
 30
0
 11
5.6581822834645665
 21
-3.1326700393700788
 31
0
  0
LINE
  5
458
330
22
100
AcDbEntity
  8
F.Silkscreen
  6
CONTINUOUS
100
AcDbLine
 10
5.6581822834645665
 20
-3.1326700393700788
 30
0
 11
5.6522403543307087
 21
-3.1326700393700788
 31
0
  0
LINE
  5
459
330
22
100
AcDbEntity
  8
F.Silkscreen
  6
CONTINUOUS
100
AcDbLine
 10
5.6522403543307087
 20
-3.1326700393700788
 30
0
 11
5.6522403543307087
 21
-3.1661346062992126
 31
0
  0
LINE
  5
45A
330
22
100
AcDbEntity
  8
F.Silkscreen
  6
CONTINUOUS
100
AcDbLine
 10
5.698315157480315
 20
-3.1268212598425196
 30
0
 11
5.6986075590551177
 21
-3.1268212598425196
 31
0
  0
LINE
  5
45B
330
22
100
AcDbEntity
  8
F.Silkscreen
  6
CONTINUOUS
100
AcDbLine
 10
5.6986075590551177
 20
-3.1268212598425196
 30
0
 11
5.6988748031496064
 21
-3.126931968503937
 31
0
  0
LINE
  5
45C
330
22
100
AcDbEntity
  8
F.Silkscreen
  6
CONTINUOUS
100
AcDbLine
 10
5.6988748031496064
 20
-3.126931968503937
 30
0
 11
5.6991586220472437
 21
-3.1269881102362205
 31
0
  0
LINE
  5
45D
330
22
100
AcDbEntity
  8
F.Silkscreen
  6
CONTINUOUS
100
AcDbLine
 10
5.6991586220472437
 20
-3.1269881102362205
 30
0
 11
5.699401889763779
 21
-3.1271502755905511
 31
0
  0
LINE
  5
45E
330
22
100
AcDbEntity
  8
F.Silkscreen
  6
CONTINUOUS
100
AcDbLine
 10
5.699401889763779
 20
-3.1271502755905511
 30
0
 11
5.699671968503937
 21
-3.1272621653543307
 31
0
  0
LINE
  5
45F
330
22
100
AcDbEntity
  8
F.Silkscreen
  6
CONTINUOUS
100
AcDbLine
 10
5.699671968503937
 20
-3.1272621653543307
 30
0
 11
5.6998764173228347
 21
-3.1274666141732284
 31
0
  0
LINE
  5
460
330
22
100
AcDbEntity
  8
F.Silkscreen
  6
CONTINUOUS
100
AcDbLine
 10
5.6998764173228347
 20
-3.1274666141732284
 30
0
 11
5.7001172440944883
 21
-3.1276271653543306
 31
0
  0
LINE
  5
461
330
22
100
AcDbEntity
  8
F.Silkscreen
  6
CONTINUOUS
100
AcDbLine
 10
5.7001172440944883
 20
-3.1276271653543306
 30
0
 11
5.7002799606299215
 21
-3.1278701574803147
 31
0
  0
LINE
  5
462
330
22
100
AcDbEntity
  8
F.Silkscreen
  6
CONTINUOUS
100
AcDbLine
 10
5.7002799606299215
 20
-3.1278701574803147
 30
0
 11
5.7004866141732284
 21
-3.1280768110236221
 31
0
  0
LINE
  5
463
330
22
100
AcDbEntity
  8
F.Silkscreen
  6
CONTINUOUS
100
AcDbLine
 10
5.7004866141732284
 20
-3.1280768110236221
 30
0
 11
5.7005972834645666
 21
-3.1283440157480316
 31
0
  0
LINE
  5
464
330
22
100
AcDbEntity
  8
F.Silkscreen
  6
CONTINUOUS
100
AcDbLine
 10
5.7005972834645666
 20
-3.1283440157480316
 30
0
 11
5.7007583070866144
 21
-3.1285844488188976
 31
0
  0
LINE
  5
465
330
22
100
AcDbEntity
  8
F.Silkscreen
  6
CONTINUOUS
100
AcDbLine
 10
5.7007583070866144
 20
-3.1285844488188976
 30
0
 11
5.7008156299212596
 21
-3.1288711023622047
 31
0
  0
LINE
  5
466
330
22
100
AcDbEntity
  8
F.Silkscreen
  6
CONTINUOUS
100
AcDbLine
 10
5.7008156299212596
 20
-3.1288711023622047
 30
0
 11
5.7009275196850391
 21
-3.1291412204724409
 31
0
  0
LINE
  5
467
330
22
100
AcDbEntity
  8
F.Silkscreen
  6
CONTINUOUS
100
AcDbLine
 10
5.7009275196850391
 20
-3.1291412204724409
 30
0
 11
5.7009836220472438
 21
-3.1297111417322836
 31
0
  0
LINE
  5
468
330
22
100
AcDbEntity
  8
F.Silkscreen
  6
CONTINUOUS
100
AcDbLine
 10
5.7009836220472438
 20
-3.1297111417322836
 30
0
 11
5.7009842519685039
 21
-3.1297141732283462
 31
0
  0
LINE
  5
469
330
22
100
AcDbEntity
  8
F.Silkscreen
  6
CONTINUOUS
100
AcDbLine
 10
5.7009842519685039
 20
-3.1297141732283462
 30
0
 11
5.7009840157480314
 21
-3.1297151968503938
 31
0
  0
LINE
  5
46A
330
22
100
AcDbEntity
  8
F.Silkscreen
  6
CONTINUOUS
100
AcDbLine
 10
5.7009840157480314
 20
-3.1297151968503938
 30
0
 11
5.7009842519685039
 21
-3.1297172834645668
 31
0
  0
LINE
  5
46B
330
22
100
AcDbEntity
  8
F.Silkscreen
  6
CONTINUOUS
100
AcDbLine
 10
5.7009842519685039
 20
-3.1297172834645668
 30
0
 11
5.7009842519685039
 21
-3.1661346062992126
 31
0
  0
LINE
  5
46C
330
22
100
AcDbEntity
  8
F.Silkscreen
  6
CONTINUOUS
100
AcDbLine
 10
5.7009842519685039
 20
-3.1661346062992126
 30
0
 11
5.7092800787401572
 21
-3.1661346062992126
 31
0
  0
LINE
  5
46D
330
22
100
AcDbEntity
  8
F.Silkscreen
  6
CONTINUOUS
100
AcDbLine
 10
5.7092800787401572
 20
-3.1661346062992126
 30
0
 11
5.7098561417322831
 21
-3.166191338582677
 31
0
  0
LINE
  5
46E
330
22
100
AcDbEntity
  8
F.Silkscreen
  6
CONTINUOUS
100
AcDbLine
 10
5.7098561417322831
 20
-3.166191338582677
 30
0
 11
5.7109205511811023
 21
-3.1666322440944881
 31
0
  0
LINE
  5
46F
330
22
100
AcDbEntity
  8
F.Silkscreen
  6
CONTINUOUS
100
AcDbLine
 10
5.7109205511811023
 20
-3.1666322440944881
 30
0
 11
5.7117351968503938
 21
-3.1674468897637795
 31
0
  0
LINE
  5
470
330
22
100
AcDbEntity
  8
F.Silkscreen
  6
CONTINUOUS
100
AcDbLine
 10
5.7117351968503938
 20
-3.1674468897637795
 30
0
 11
5.7121761023622044
 21
-3.1685112992125983
 31
0
  0
LINE
  5
471
330
22
100
AcDbEntity
  8
F.Silkscreen
  6
CONTINUOUS
100
AcDbLine
 10
5.7121761023622044
 20
-3.1685112992125983
 30
0
 11
5.7121761023622044
 21
-3.1696634251968505
 31
0
  0
LINE
  5
472
330
22
100
AcDbEntity
  8
F.Silkscreen
  6
CONTINUOUS
100
AcDbLine
 10
5.7121761023622044
 20
-3.1696634251968505
 30
0
 11
5.7117351968503938
 21
-3.1707278346456693
 31
0
  0
LINE
  5
473
330
22
100
AcDbEntity
  8
F.Silkscreen
  6
CONTINUOUS
100
AcDbLine
 10
5.7117351968503938
 20
-3.1707278346456693
 30
0
 11
5.7109205511811023
 21
-3.1715424803149608
 31
0
  0
LINE
  5
474
330
22
100
AcDbEntity
  8
F.Silkscreen
  6
CONTINUOUS
100
AcDbLine
 10
5.7109205511811023
 20
-3.1715424803149608
 30
0
 11
5.7098561417322831
 21
-3.1719833858267714
 31
0
  0
LINE
  5
475
330
22
100
AcDbEntity
  8
F.Silkscreen
  6
CONTINUOUS
100
AcDbLine
 10
5.7098561417322831
 20
-3.1719833858267714
 30
0
 11
5.7092800787401572
 21
-3.1720401181102362
 31
0
  0
LINE
  5
476
330
22
100
AcDbEntity
  8
F.Silkscreen
  6
CONTINUOUS
100
AcDbLine
 10
5.7092800787401572
 20
-3.1720401181102362
 30
0
 11
5.6867829133858265
 21
-3.1720401181102362
 31
0
  0
LINE
  5
477
330
22
100
AcDbEntity
  8
F.Silkscreen
  6
CONTINUOUS
100
AcDbLine
 10
5.6867829133858265
 20
-3.1720401181102362
 30
0
 11
5.6862068503937007
 21
-3.1719833858267714
 31
0
  0
LINE
  5
478
330
22
100
AcDbEntity
  8
F.Silkscreen
  6
CONTINUOUS
100
AcDbLine
 10
5.6862068503937007
 20
-3.1719833858267714
 30
0
 11
5.6851424409448814
 21
-3.1715424803149608
 31
0
  0
LINE
  5
479
330
22
100
AcDbEntity
  8
F.Silkscreen
  6
CONTINUOUS
100
AcDbLine
 10
5.6851424409448814
 20
-3.1715424803149608
 30
0
 11
5.6843277952755908
 21
-3.1707278346456693
 31
0
  0
LINE
  5
47A
330
22
100
AcDbEntity
  8
F.Silkscreen
  6
CONTINUOUS
100
AcDbLine
 10
5.6843277952755908
 20
-3.1707278346456693
 30
0
 11
5.6838868897637793
 21
-3.1696634251968505
 31
0
  0
LINE
  5
47B
330
22
100
AcDbEntity
  8
F.Silkscreen
  6
CONTINUOUS
100
AcDbLine
 10
5.6838868897637793
 20
-3.1696634251968505
 30
0
 11
5.6838868897637793
 21
-3.1685112992125983
 31
0
  0
LINE
  5
47C
330
22
100
AcDbEntity
  8
F.Silkscreen
  6
CONTINUOUS
100
AcDbLine
 10
5.6838868897637793
 20
-3.1685112992125983
 30
0
 11
5.6843277952755908
 21
-3.1674468897637795
 31
0
  0
LINE
  5
47D
330
22
100
AcDbEntity
  8
F.Silkscreen
  6
CONTINUOUS
100
AcDbLine
 10
5.6843277952755908
 20
-3.1674468897637795
 30
0
 11
5.6851424409448814
 21
-3.1666322440944881
 31
0
  0
LINE
  5
47E
330
22
100
AcDbEntity
  8
F.Silkscreen
  6
CONTINUOUS
100
AcDbLine
 10
5.6851424409448814
 20
-3.1666322440944881
 30
0
 11
5.6862068503937007
 21
-3.166191338582677
 31
0
  0
LINE
  5
47F
330
22
100
AcDbEntity
  8
F.Silkscreen
  6
CONTINUOUS
100
AcDbLine
 10
5.6862068503937007
 20
-3.166191338582677
 30
0
 11
5.6867829133858265
 21
-3.1661346062992126
 31
0
  0
LINE
  5
480
330
22
100
AcDbEntity
  8
F.Silkscreen
  6
CONTINUOUS
100
AcDbLine
 10
5.6867829133858265
 20
-3.1661346062992126
 30
0
 11
5.6950787401574798
 21
-3.1661346062992126
 31
0
  0
LINE
  5
481
330
22
100
AcDbEntity
  8
F.Silkscreen
  6
CONTINUOUS
100
AcDbLine
 10
5.6950787401574798
 20
-3.1661346062992126
 30
0
 11
5.6950787401574798
 21
-3.1387206299212598
 31
0
  0
LINE
  5
482
330
22
100
AcDbEntity
  8
F.Silkscreen
  6
CONTINUOUS
100
AcDbLine
 10
5.6950787401574798
 20
-3.1387206299212598
 30
0
 11
5.6926203543307086
 21
-3.1411790157480315
 31
0
  0
LINE
  5
483
330
22
100
AcDbEntity
  8
F.Silkscreen
  6
CONTINUOUS
100
AcDbLine
 10
5.6926203543307086
 20
-3.1411790157480315
 30
0
 11
5.6923939763779527
 21
-3.1413647637795274
 31
0
  0
LINE
  5
484
330
22
100
AcDbEntity
  8
F.Silkscreen
  6
CONTINUOUS
100
AcDbLine
 10
5.6923939763779527
 20
-3.1413647637795274
 30
0
 11
5.692342834645669
 21
-3.141423779527559
 31
0
  0
LINE
  5
485
330
22
100
AcDbEntity
  8
F.Silkscreen
  6
CONTINUOUS
100
AcDbLine
 10
5.692342834645669
 20
-3.141423779527559
 30
0
 11
5.6922538582677165
 21
-3.1414797244094488
 31
0
  0
LINE
  5
486
330
22
100
AcDbEntity
  8
F.Silkscreen
  6
CONTINUOUS
100
AcDbLine
 10
5.6922538582677165
 20
-3.1414797244094488
 30
0
 11
5.6921729133858268
 21
-3.1415462204724407
 31
0
  0
LINE
  5
487
330
22
100
AcDbEntity
  8
F.Silkscreen
  6
CONTINUOUS
100
AcDbLine
 10
5.6921729133858268
 20
-3.1415462204724407
 30
0
 11
5.69210094488189
 21
-3.1415760236220471
 31
0
  0
LINE
  5
488
330
22
100
AcDbEntity
  8
F.Silkscreen
  6
CONTINUOUS
100
AcDbLine
 10
5.69210094488189
 20
-3.1415760236220471
 30
0
 11
5.6918529527559052
 21
-3.1417321259842521
 31
0
  0
LINE
  5
489
330
22
100
AcDbEntity
  8
F.Silkscreen
  6
CONTINUOUS
100
AcDbLine
 10
5.6918529527559052
 20
-3.1417321259842521
 30
0
 11
5.6881034251968501
 21
-3.1436068897637797
 31
0
  0
LINE
  5
48A
330
22
100
AcDbEntity
  8
F.Silkscreen
  6
CONTINUOUS
100
AcDbLine
 10
5.6881034251968501
 20
-3.1436068897637797
 30
0
 11
5.6875627952755901
 21
-3.1438137795275591
 31
0
  0
LINE
  5
48B
330
22
100
AcDbEntity
  8
F.Silkscreen
  6
CONTINUOUS
100
AcDbLine
 10
5.6875627952755901
 20
-3.1438137795275591
 30
0
 11
5.6864135826771651
 21
-3.1438954330708659
 31
0
  0
LINE
  5
48C
330
22
100
AcDbEntity
  8
F.Silkscreen
  6
CONTINUOUS
100
AcDbLine
 10
5.6864135826771651
 20
-3.1438954330708659
 30
0
 11
5.68532062992126
 21
-3.1435311023622048
 31
0
  0
LINE
  5
48D
330
22
100
AcDbEntity
  8
F.Silkscreen
  6
CONTINUOUS
100
AcDbLine
 10
5.68532062992126
 20
-3.1435311023622048
 30
0
 11
5.6844502362204725
 21
-3.1427762598425195
 31
0
  0
LINE
  5
48E
330
22
100
AcDbEntity
  8
F.Silkscreen
  6
CONTINUOUS
100
AcDbLine
 10
5.6844502362204725
 20
-3.1427762598425195
 30
0
 11
5.683935
 21
-3.1417457480314961
 31
0
  0
LINE
  5
48F
330
22
100
AcDbEntity
  8
F.Silkscreen
  6
CONTINUOUS
100
AcDbLine
 10
5.683935
 20
-3.1417457480314961
 30
0
 11
5.6838533464566927
 21
-3.1405965354330707
 31
0
  0
LINE
  5
490
330
22
100
AcDbEntity
  8
F.Silkscreen
  6
CONTINUOUS
100
AcDbLine
 10
5.6838533464566927
 20
-3.1405965354330707
 30
0
 11
5.6842176771653543
 21
-3.1395035826771651
 31
0
  0
LINE
  5
491
330
22
100
AcDbEntity
  8
F.Silkscreen
  6
CONTINUOUS
100
AcDbLine
 10
5.6842176771653543
 20
-3.1395035826771651
 30
0
 11
5.6849725196850391
 21
-3.1386331889763777
 31
0
  0
LINE
  5
492
330
22
100
AcDbEntity
  8
F.Silkscreen
  6
CONTINUOUS
100
AcDbLine
 10
5.6849725196850391
 20
-3.1386331889763777
 30
0
 11
5.685462401574803
 21
-3.138324842519685
 31
0
  0
LINE
  5
493
330
22
100
AcDbEntity
  8
F.Silkscreen
  6
CONTINUOUS
100
AcDbLine
 10
5.685462401574803
 20
-3.138324842519685
 30
0
 11
5.6887833464566926
 21
-3.1366643700787402
 31
0
  0
LINE
  5
494
330
22
100
AcDbEntity
  8
F.Silkscreen
  6
CONTINUOUS
100
AcDbLine
 10
5.6887833464566926
 20
-3.1366643700787402
 30
0
 11
5.6919872440944879
 21
-3.1334604724409449
 31
0
  0
LINE
  5
495
330
22
100
AcDbEntity
  8
F.Silkscreen
  6
CONTINUOUS
100
AcDbLine
 10
5.6919872440944879
 20
-3.1334604724409449
 30
0
 11
5.6955746456692911
 21
-3.1280793700787402
 31
0
  0
LINE
  5
496
330
22
100
AcDbEntity
  8
F.Silkscreen
  6
CONTINUOUS
100
AcDbLine
 10
5.6955746456692911
 20
-3.1280793700787402
 30
0
 11
5.6955759842519686
 21
-3.1280776771653542
 31
0
  0
LINE
  5
497
330
22
100
AcDbEntity
  8
F.Silkscreen
  6
CONTINUOUS
100
AcDbLine
 10
5.6955759842519686
 20
-3.1280776771653542
 30
0
 11
5.6955763779527562
 21
-3.1280768110236221
 31
0
  0
LINE
  5
498
330
22
100
AcDbEntity
  8
F.Silkscreen
  6
CONTINUOUS
100
AcDbLine
 10
5.6955763779527562
 20
-3.1280768110236221
 30
0
 11
5.6955783858267717
 21
-3.1280747637795274
 31
0
  0
LINE
  5
499
330
22
100
AcDbEntity
  8
F.Silkscreen
  6
CONTINUOUS
100
AcDbLine
 10
5.6955783858267717
 20
-3.1280747637795274
 30
0
 11
5.6959414173228344
 21
-3.1276315354330708
 31
0
  0
LINE
  5
49A
330
22
100
AcDbEntity
  8
F.Silkscreen
  6
CONTINUOUS
100
AcDbLine
 10
5.6959414173228344
 20
-3.1276315354330708
 30
0
 11
5.6961842913385823
 21
-3.1274688582677164
 31
0
  0
LINE
  5
49B
330
22
100
AcDbEntity
  8
F.Silkscreen
  6
CONTINUOUS
100
AcDbLine
 10
5.6961842913385823
 20
-3.1274688582677164
 30
0
 11
5.6963910236220467
 21
-3.1272621653543307
 31
0
  0
LINE
  5
49C
330
22
100
AcDbEntity
  8
F.Silkscreen
  6
CONTINUOUS
100
AcDbLine
 10
5.6963910236220467
 20
-3.1272621653543307
 30
0
 11
5.6966583070866141
 21
-3.1271514173228345
 31
0
  0
LINE
  5
49D
330
22
100
AcDbEntity
  8
F.Silkscreen
  6
CONTINUOUS
100
AcDbLine
 10
5.6966583070866141
 20
-3.1271514173228345
 30
0
 11
5.6968987007874015
 21
-3.1269904724409447
 31
0
  0
LINE
  5
49E
330
22
100
AcDbEntity
  8
F.Silkscreen
  6
CONTINUOUS
100
AcDbLine
 10
5.6968987007874015
 20
-3.1269904724409447
 30
0
 11
5.6971853149606302
 21
-3.1269331102362203
 31
0
  0
LINE
  5
49F
330
22
100
AcDbEntity
  8
F.Silkscreen
  6
CONTINUOUS
100
AcDbLine
 10
5.6971853149606302
 20
-3.1269331102362203
 30
0
 11
5.697455433070866
 21
-3.1268212598425196
 31
0
  0
LINE
  5
4A0
330
22
100
AcDbEntity
  8
F.Silkscreen
  6
CONTINUOUS
100
AcDbLine
 10
5.697455433070866
 20
-3.1268212598425196
 30
0
 11
5.697744724409449
 21
-3.1268212598425196
 31
0
  0
LINE
  5
4A1
330
22
100
AcDbEntity
  8
F.Silkscreen
  6
CONTINUOUS
100
AcDbLine
 10
5.697744724409449
 20
-3.1268212598425196
 30
0
 11
5.6980283858267713
 21
-3.1267645275590552
 31
0
  0
LINE
  5
4A2
330
22
100
AcDbEntity
  8
F.Silkscreen
  6
CONTINUOUS
100
AcDbLine
 10
5.6980283858267713
 20
-3.1267645275590552
 30
0
 11
5.698315157480315
 21
-3.1268212598425196
 31
0
  0
LINE
  5
4A3
330
22
100
AcDbEntity
  8
F.Silkscreen
  6
CONTINUOUS
100
AcDbLine
 10
6.1920238188976375
 20
-3.1267932283464566
 30
0
 11
6.1921015748031492
 21
-3.126787716535433
 31
0
  0
LINE
  5
4A4
330
22
100
AcDbEntity
  8
F.Silkscreen
  6
CONTINUOUS
100
AcDbLine
 10
6.1921015748031492
 20
-3.126787716535433
 30
0
 11
6.1922038188976378
 21
-3.1268109448818895
 31
0
  0
LINE
  5
4A5
330
22
100
AcDbEntity
  8
F.Silkscreen
  6
CONTINUOUS
100
AcDbLine
 10
6.1922038188976378
 20
-3.1268109448818895
 30
0
 11
6.1923083464566924
 21
-3.1268212598425196
 31
0
  0
LINE
  5
4A6
330
22
100
AcDbEntity
  8
F.Silkscreen
  6
CONTINUOUS
100
AcDbLine
 10
6.1923083464566924
 20
-3.1268212598425196
 30
0
 11
6.1923804330708663
 21
-3.1268511023622048
 31
0
  0
LINE
  5
4A7
330
22
100
AcDbEntity
  8
F.Silkscreen
  6
CONTINUOUS
100
AcDbLine
 10
6.1923804330708663
 20
-3.1268511023622048
 30
0
 11
6.1926660236220474
 21
-3.1269160629921258
 31
0
  0
LINE
  5
4A8
330
22
100
AcDbEntity
  8
F.Silkscreen
  6
CONTINUOUS
100
AcDbLine
 10
6.1926660236220474
 20
-3.1269160629921258
 30
0
 11
6.1982903149606301
 21
-3.1287908267716533
 31
0
  0
LINE
  5
4A9
330
22
100
AcDbEntity
  8
F.Silkscreen
  6
CONTINUOUS
100
AcDbLine
 10
6.1982903149606301
 20
-3.1287908267716533
 30
0
 11
6.1988188582677166
 21
-3.1290268110236221
 31
0
  0
LINE
  5
4AA
330
22
100
AcDbEntity
  8
F.Silkscreen
  6
CONTINUOUS
100
AcDbLine
 10
6.1988188582677166
 20
-3.1290268110236221
 30
0
 11
6.1988989763779525
 21
-3.1290962992125984
 31
0
  0
LINE
  5
4AB
330
22
100
AcDbEntity
  8
F.Silkscreen
  6
CONTINUOUS
100
AcDbLine
 10
6.1988989763779525
 20
-3.1290962992125984
 30
0
 11
6.1989970472440943
 21
-3.1291369291338582
 31
0
  0
LINE
  5
4AC
330
22
100
AcDbEntity
  8
F.Silkscreen
  6
CONTINUOUS
100
AcDbLine
 10
6.1989970472440943
 20
-3.1291369291338582
 30
0
 11
6.1994444881889761
 21
-3.1295041338582679
 31
0
  0
LINE
  5
4AD
330
22
100
AcDbEntity
  8
F.Silkscreen
  6
CONTINUOUS
100
AcDbLine
 10
6.1994444881889761
 20
-3.1295041338582679
 30
0
 11
6.2031940157480312
 21
-3.133253661417323
 31
0
  0
LINE
  5
4AE
330
22
100
AcDbEntity
  8
F.Silkscreen
  6
CONTINUOUS
100
AcDbLine
 10
6.2031940157480312
 20
-3.133253661417323
 30
0
 11
6.2033798425196851
 21
-3.1334800393700788
 31
0
  0
LINE
  5
4AF
330
22
100
AcDbEntity
  8
F.Silkscreen
  6
CONTINUOUS
100
AcDbLine
 10
6.2033798425196851
 20
-3.1334800393700788
 30
0
 11
6.2034387795275592
 21
-3.1335311811023621
 31
0
  0
LINE
  5
4B0
330
22
100
AcDbEntity
  8
F.Silkscreen
  6
CONTINUOUS
100
AcDbLine
 10
6.2034387795275592
 20
-3.1335311811023621
 30
0
 11
6.2034946456692914
 21
-3.1336199212598426
 31
0
  0
LINE
  5
4B1
330
22
100
AcDbEntity
  8
F.Silkscreen
  6
CONTINUOUS
100
AcDbLine
 10
6.2034946456692914
 20
-3.1336199212598426
 30
0
 11
6.2035612598425196
 21
-3.1337011023622048
 31
0
  0
LINE
  5
4B2
330
22
100
AcDbEntity
  8
F.Silkscreen
  6
CONTINUOUS
100
AcDbLine
 10
6.2035612598425196
 20
-3.1337011023622048
 30
0
 11
6.2035911023622043
 21
-3.1337732283464566
 31
0
  0
LINE
  5
4B3
330
22
100
AcDbEntity
  8
F.Silkscreen
  6
CONTINUOUS
100
AcDbLine
 10
6.2035911023622043
 20
-3.1337732283464566
 30
0
 11
6.2037471259842523
 21
-3.1340210629921259
 31
0
  0
LINE
  5
4B4
330
22
100
AcDbEntity
  8
F.Silkscreen
  6
CONTINUOUS
100
AcDbLine
 10
6.2037471259842523
 20
-3.1340210629921259
 30
0
 11
6.2056218897637798
 21
-3.137770590551181
 31
0
  0
LINE
  5
4B5
330
22
100
AcDbEntity
  8
F.Silkscreen
  6
CONTINUOUS
100
AcDbLine
 10
6.2056218897637798
 20
-3.137770590551181
 30
0
 11
6.2056379921259843
 21
-3.1378126771653543
 31
0
  0
LINE
  5
4B6
330
22
100
AcDbEntity
  8
F.Silkscreen
  6
CONTINUOUS
100
AcDbLine
 10
6.2056379921259843
 20
-3.1378126771653543
 30
0
 11
6.205650708661417
 21
-3.1378298425196851
 31
0
  0
LINE
  5
4B7
330
22
100
AcDbEntity
  8
F.Silkscreen
  6
CONTINUOUS
100
AcDbLine
 10
6.205650708661417
 20
-3.1378298425196851
 30
0
 11
6.2057370078740153
 21
-3.1380714173228346
 31
0
  0
LINE
  5
4B8
330
22
100
AcDbEntity
  8
F.Silkscreen
  6
CONTINUOUS
100
AcDbLine
 10
6.2057370078740153
 20
-3.1380714173228346
 30
0
 11
6.2058287795275593
 21
-3.1383111811023623
 31
0
  0
LINE
  5
4B9
330
22
100
AcDbEntity
  8
F.Silkscreen
  6
CONTINUOUS
100
AcDbLine
 10
6.2058287795275593
 20
-3.1383111811023623
 30
0
 11
6.205830275590551
 21
-3.1383324409448816
 31
0
  0
LINE
  5
4BA
330
22
100
AcDbEntity
  8
F.Silkscreen
  6
CONTINUOUS
100
AcDbLine
 10
6.205830275590551
 20
-3.1383324409448816
 30
0
 11
6.2058454724409451
 21
-3.1383749606299212
 31
0
  0
LINE
  5
4BB
330
22
100
AcDbEntity
  8
F.Silkscreen
  6
CONTINUOUS
100
AcDbLine
 10
6.2058454724409451
 20
-3.1383749606299212
 30
0
 11
6.2077202362204726
 21
-3.1458740157480314
 31
0
  0
LINE
  5
4BC
330
22
100
AcDbEntity
  8
F.Silkscreen
  6
CONTINUOUS
100
AcDbLine
 10
6.2077202362204726
 20
-3.1458740157480314
 30
0
 11
6.2077349999999996
 21
-3.1459738582677166
 31
0
  0
LINE
  5
4BD
330
22
100
AcDbEntity
  8
F.Silkscreen
  6
CONTINUOUS
100
AcDbLine
 10
6.2077349999999996
 20
-3.1459738582677166
 30
0
 11
6.2077516535433066
 21
-3.1460140944881889
 31
0
  0
LINE
  5
4BE
330
22
100
AcDbEntity
  8
F.Silkscreen
  6
CONTINUOUS
100
AcDbLine
 10
6.2077516535433066
 20
-3.1460140944881889
 30
0
 11
6.2077729921259843
 21
-3.1462311023622047
 31
0
  0
LINE
  5
4BF
330
22
100
AcDbEntity
  8
F.Silkscreen
  6
CONTINUOUS
100
AcDbLine
 10
6.2077729921259843
 20
-3.1462311023622047
 30
0
 11
6.2078048818897633
 21
-3.1464466141732284
 31
0
  0
LINE
  5
4C0
330
22
100
AcDbEntity
  8
F.Silkscreen
  6
CONTINUOUS
100
AcDbLine
 10
6.2078048818897633
 20
-3.1464466141732284
 30
0
 11
6.2077984645669293
 21
-3.1464896062992125
 31
0
  0
LINE
  5
4C1
330
22
100
AcDbEntity
  8
F.Silkscreen
  6
CONTINUOUS
100
AcDbLine
 10
6.2077984645669293
 20
-3.1464896062992125
 30
0
 11
6.2078083858267714
 21
-3.1465901574803148
 31
0
  0
LINE
  5
4C2
330
22
100
AcDbEntity
  8
F.Silkscreen
  6
CONTINUOUS
100
AcDbLine
 10
6.2078083858267714
 20
-3.1465901574803148
 30
0
 11
6.2078083858267714
 21
-3.1522144488188975
 31
0
  0
LINE
  5
4C3
330
22
100
AcDbEntity
  8
F.Silkscreen
  6
CONTINUOUS
100
AcDbLine
 10
6.2078083858267714
 20
-3.1522144488188975
 30
0
 11
6.2077984645669293
 21
-3.152314960629921
 31
0
  0
LINE
  5
4C4
330
22
100
AcDbEntity
  8
F.Silkscreen
  6
CONTINUOUS
100
AcDbLine
 10
6.2077984645669293
 20
-3.152314960629921
 30
0
 11
6.2078048818897633
 21
-3.1523579921259843
 31
0
  0
LINE
  5
4C5
330
22
100
AcDbEntity
  8
F.Silkscreen
  6
CONTINUOUS
100
AcDbLine
 10
6.2078048818897633
 20
-3.1523579921259843
 30
0
 11
6.2077729921259843
 21
-3.1525734645669292
 31
0
  0
LINE
  5
4C6
330
22
100
AcDbEntity
  8
F.Silkscreen
  6
CONTINUOUS
100
AcDbLine
 10
6.2077729921259843
 20
-3.1525734645669292
 30
0
 11
6.2077516535433066
 21
-3.1527905118110238
 31
0
  0
LINE
  5
4C7
330
22
100
AcDbEntity
  8
F.Silkscreen
  6
CONTINUOUS
100
AcDbLine
 10
6.2077516535433066
 20
-3.1527905118110238
 30
0
 11
6.2077349999999996
 21
-3.1528307086614173
 31
0
  0
LINE
  5
4C8
330
22
100
AcDbEntity
  8
F.Silkscreen
  6
CONTINUOUS
100
AcDbLine
 10
6.2077349999999996
 20
-3.1528307086614173
 30
0
 11
6.2077202362204726
 21
-3.1529305905511809
 31
0
  0
LINE
  5
4C9
330
22
100
AcDbEntity
  8
F.Silkscreen
  6
CONTINUOUS
100
AcDbLine
 10
6.2077202362204726
 20
-3.1529305905511809
 30
0
 11
6.2058454724409451
 21
-3.1604296456692911
 31
0
  0
LINE
  5
4CA
330
22
100
AcDbEntity
  8
F.Silkscreen
  6
CONTINUOUS
100
AcDbLine
 10
6.2058454724409451
 20
-3.1604296456692911
 30
0
 11
6.205830275590551
 21
-3.1604721259842519
 31
0
  0
LINE
  5
4CB
330
22
100
AcDbEntity
  8
F.Silkscreen
  6
CONTINUOUS
100
AcDbLine
 10
6.205830275590551
 20
-3.1604721259842519
 30
0
 11
6.2058287795275593
 21
-3.1604934251968504
 31
0
  0
LINE
  5
4CC
330
22
100
AcDbEntity
  8
F.Silkscreen
  6
CONTINUOUS
100
AcDbLine
 10
6.2058287795275593
 20
-3.1604934251968504
 30
0
 11
6.2057370078740153
 21
-3.1607331496062989
 31
0
  0
LINE
  5
4CD
330
22
100
AcDbEntity
  8
F.Silkscreen
  6
CONTINUOUS
100
AcDbLine
 10
6.2057370078740153
 20
-3.1607331496062989
 30
0
 11
6.205650708661417
 21
-3.1609747637795276
 31
0
  0
LINE
  5
4CE
330
22
100
AcDbEntity
  8
F.Silkscreen
  6
CONTINUOUS
100
AcDbLine
 10
6.205650708661417
 20
-3.1609747637795276
 30
0
 11
6.2056379921259843
 21
-3.1609918897637796
 31
0
  0
LINE
  5
4CF
330
22
100
AcDbEntity
  8
F.Silkscreen
  6
CONTINUOUS
100
AcDbLine
 10
6.2056379921259843
 20
-3.1609918897637796
 30
0
 11
6.2056218897637798
 21
-3.1610340157480312
 31
0
  0
LINE
  5
4D0
330
22
100
AcDbEntity
  8
F.Silkscreen
  6
CONTINUOUS
100
AcDbLine
 10
6.2056218897637798
 20
-3.1610340157480312
 30
0
 11
6.2037471259842523
 21
-3.1647835433070863
 31
0
  0
LINE
  5
4D1
330
22
100
AcDbEntity
  8
F.Silkscreen
  6
CONTINUOUS
100
AcDbLine
 10
6.2037471259842523
 20
-3.1647835433070863
 30
0
 11
6.2035910629921256
 21
-3.1650314173228344
 31
0
  0
LINE
  5
4D2
330
22
100
AcDbEntity
  8
F.Silkscreen
  6
CONTINUOUS
100
AcDbLine
 10
6.2035910629921256
 20
-3.1650314173228344
 30
0
 11
6.2035612598425196
 21
-3.1651034645669291
 31
0
  0
LINE
  5
4D3
330
22
100
AcDbEntity
  8
F.Silkscreen
  6
CONTINUOUS
100
AcDbLine
 10
6.2035612598425196
 20
-3.1651034645669291
 30
0
 11
6.2034947244094489
 21
-3.1651844881889764
 31
0
  0
LINE
  5
4D4
330
22
100
AcDbEntity
  8
F.Silkscreen
  6
CONTINUOUS
100
AcDbLine
 10
6.2034947244094489
 20
-3.1651844881889764
 30
0
 11
6.2034387795275592
 21
-3.1652734251968502
 31
0
  0
LINE
  5
4D5
330
22
100
AcDbEntity
  8
F.Silkscreen
  6
CONTINUOUS
100
AcDbLine
 10
6.2034387795275592
 20
-3.1652734251968502
 30
0
 11
6.2033797637795276
 21
-3.1653245669291339
 31
0
  0
LINE
  5
4D6
330
22
100
AcDbEntity
  8
F.Silkscreen
  6
CONTINUOUS
100
AcDbLine
 10
6.2033797637795276
 20
-3.1653245669291339
 30
0
 11
6.20319405511811
 21
-3.165550905511811
 31
0
  0
LINE
  5
4D7
330
22
100
AcDbEntity
  8
F.Silkscreen
  6
CONTINUOUS
100
AcDbLine
 10
6.20319405511811
 20
-3.165550905511811
 30
0
 11
6.1994444881889761
 21
-3.1693005118110236
 31
0
  0
LINE
  5
4D8
330
22
100
AcDbEntity
  8
F.Silkscreen
  6
CONTINUOUS
100
AcDbLine
 10
6.1994444881889761
 20
-3.1693005118110236
 30
0
 11
6.1989970472440943
 21
-3.1696677165354328
 31
0
  0
LINE
  5
4D9
330
22
100
AcDbEntity
  8
F.Silkscreen
  6
CONTINUOUS
100
AcDbLine
 10
6.1989970472440943
 20
-3.1696677165354328
 30
0
 11
6.1988989763779525
 21
-3.1697083070866139
 31
0
  0
LINE
  5
4DA
330
22
100
AcDbEntity
  8
F.Silkscreen
  6
CONTINUOUS
100
AcDbLine
 10
6.1988989763779525
 20
-3.1697083070866139
 30
0
 11
6.1988188582677166
 21
-3.1697778346456693
 31
0
  0
LINE
  5
4DB
330
22
100
AcDbEntity
  8
F.Silkscreen
  6
CONTINUOUS
100
AcDbLine
 10
6.1988188582677166
 20
-3.1697778346456693
 30
0
 11
6.1982903149606301
 21
-3.1700138188976377
 31
0
  0
LINE
  5
4DC
330
22
100
AcDbEntity
  8
F.Silkscreen
  6
CONTINUOUS
100
AcDbLine
 10
6.1982903149606301
 20
-3.1700138188976377
 30
0
 11
6.1926660236220474
 21
-3.1718885826771652
 31
0
  0
LINE
  5
4DD
330
22
100
AcDbEntity
  8
F.Silkscreen
  6
CONTINUOUS
100
AcDbLine
 10
6.1926660236220474
 20
-3.1718885826771652
 30
0
 11
6.1923804330708663
 21
-3.1719535039370079
 31
0
  0
LINE
  5
4DE
330
22
100
AcDbEntity
  8
F.Silkscreen
  6
CONTINUOUS
100
AcDbLine
 10
6.1923804330708663
 20
-3.1719535039370079
 30
0
 11
6.1923083464566924
 21
-3.1719833858267714
 31
0
  0
LINE
  5
4DF
330
22
100
AcDbEntity
  8
F.Silkscreen
  6
CONTINUOUS
100
AcDbLine
 10
6.1923083464566924
 20
-3.1719833858267714
 30
0
 11
6.1922038188976378
 21
-3.1719936614173228
 31
0
  0
LINE
  5
4E0
330
22
100
AcDbEntity
  8
F.Silkscreen
  6
CONTINUOUS
100
AcDbLine
 10
6.1922038188976378
 20
-3.1719936614173228
 30
0
 11
6.1921015748031492
 21
-3.172016929133858
 31
0
  0
LINE
  5
4E1
330
22
100
AcDbEntity
  8
F.Silkscreen
  6
CONTINUOUS
100
AcDbLine
 10
6.1921015748031492
 20
-3.172016929133858
 30
0
 11
6.1920238188976375
 21
-3.1720113779527557
 31
0
  0
LINE
  5
4E2
330
22
100
AcDbEntity
  8
F.Silkscreen
  6
CONTINUOUS
100
AcDbLine
 10
6.1920238188976375
 20
-3.1720113779527557
 30
0
 11
6.1917322834645665
 21
-3.1720401181102362
 31
0
  0
LINE
  5
4E3
330
22
100
AcDbEntity
  8
F.Silkscreen
  6
CONTINUOUS
100
AcDbLine
 10
6.1917322834645665
 20
-3.1720401181102362
 30
0
 11
6.1823584645669287
 21
-3.1720401181102362
 31
0
  0
LINE
  5
4E4
330
22
100
AcDbEntity
  8
F.Silkscreen
  6
CONTINUOUS
100
AcDbLine
 10
6.1823584645669287
 20
-3.1720401181102362
 30
0
 11
6.1817824015748029
 21
-3.1719833858267714
 31
0
  0
LINE
  5
4E5
330
22
100
AcDbEntity
  8
F.Silkscreen
  6
CONTINUOUS
100
AcDbLine
 10
6.1817824015748029
 20
-3.1719833858267714
 30
0
 11
6.1807179921259845
 21
-3.1715424803149608
 31
0
  0
LINE
  5
4E6
330
22
100
AcDbEntity
  8
F.Silkscreen
  6
CONTINUOUS
100
AcDbLine
 10
6.1807179921259845
 20
-3.1715424803149608
 30
0
 11
6.179903346456693
 21
-3.1707278346456693
 31
0
  0
LINE
  5
4E7
330
22
100
AcDbEntity
  8
F.Silkscreen
  6
CONTINUOUS
100
AcDbLine
 10
6.179903346456693
 20
-3.1707278346456693
 30
0
 11
6.1794624409448815
 21
-3.1696634251968505
 31
0
  0
LINE
  5
4E8
330
22
100
AcDbEntity
  8
F.Silkscreen
  6
CONTINUOUS
100
AcDbLine
 10
6.1794624409448815
 20
-3.1696634251968505
 30
0
 11
6.1794057086614176
 21
-3.1690873622047242
 31
0
  0
LINE
  5
4E9
330
22
100
AcDbEntity
  8
F.Silkscreen
  6
CONTINUOUS
100
AcDbLine
 10
6.1794057086614176
 20
-3.1690873622047242
 30
0
 11
6.1794057086614176
 21
-3.1297172834645668
 31
0
  0
LINE
  5
4EA
330
22
100
AcDbEntity
  8
F.Silkscreen
  6
CONTINUOUS
100
AcDbLine
 10
6.1794057086614176
 20
-3.1297172834645668
 30
0
 11
6.1794624409448815
 21
-3.1291412204724409
 31
0
  0
LINE
  5
4EB
330
22
100
AcDbEntity
  8
F.Silkscreen
  6
CONTINUOUS
100
AcDbLine
 10
6.1794624409448815
 20
-3.1291412204724409
 30
0
 11
6.179903346456693
 21
-3.1280768110236221
 31
0
  0
LINE
  5
4EC
330
22
100
AcDbEntity
  8
F.Silkscreen
  6
CONTINUOUS
100
AcDbLine
 10
6.179903346456693
 20
-3.1280768110236221
 30
0
 11
6.1807179921259845
 21
-3.1272621653543307
 31
0
  0
LINE
  5
4ED
330
22
100
AcDbEntity
  8
F.Silkscreen
  6
CONTINUOUS
100
AcDbLine
 10
6.1807179921259845
 20
-3.1272621653543307
 30
0
 11
6.1817824015748029
 21
-3.1268212598425196
 31
0
  0
LINE
  5
4EE
330
22
100
AcDbEntity
  8
F.Silkscreen
  6
CONTINUOUS
100
AcDbLine
 10
6.1817824015748029
 20
-3.1268212598425196
 30
0
 11
6.1823584645669287
 21
-3.1267645275590552
 31
0
  0
LINE
  5
4EF
330
22
100
AcDbEntity
  8
F.Silkscreen
  6
CONTINUOUS
100
AcDbLine
 10
6.1823584645669287
 20
-3.1267645275590552
 30
0
 11
6.1917322834645665
 21
-3.1267645275590552
 31
0
  0
LINE
  5
4F0
330
22
100
AcDbEntity
  8
F.Silkscreen
  6
CONTINUOUS
100
AcDbLine
 10
6.1917322834645665
 20
-3.1267645275590552
 30
0
 11
6.1920238188976375
 21
-3.1267932283464566
 31
0
  0
LINE
  5
4F1
330
22
100
AcDbEntity
  8
F.Silkscreen
  6
CONTINUOUS
100
AcDbLine
 10
6.1853112204724408
 20
-3.1661346062992126
 30
0
 11
6.1912531496062995
 21
-3.1661346062992126
 31
0
  0
LINE
  5
4F2
330
22
100
AcDbEntity
  8
F.Silkscreen
  6
CONTINUOUS
100
AcDbLine
 10
6.1912531496062995
 20
-3.1661346062992126
 30
0
 11
6.1957615354330704
 21
-3.1646317716535433
 31
0
  0
LINE
  5
4F3
330
22
100
AcDbEntity
  8
F.Silkscreen
  6
CONTINUOUS
100
AcDbLine
 10
6.1957615354330704
 20
-3.1646317716535433
 30
0
 11
6.1986793307086616
 21
-3.1617139370078737
 31
0
  0
LINE
  5
4F4
330
22
100
AcDbEntity
  8
F.Silkscreen
  6
CONTINUOUS
100
AcDbLine
 10
6.1986793307086616
 20
-3.1617139370078737
 30
0
 11
6.2001948425196849
 21
-3.1586829527559055
 31
0
  0
LINE
  5
4F5
330
22
100
AcDbEntity
  8
F.Silkscreen
  6
CONTINUOUS
100
AcDbLine
 10
6.2001948425196849
 20
-3.1586829527559055
 30
0
 11
6.2019028740157482
 21
-3.1518509055118109
 31
0
  0
LINE
  5
4F6
330
22
100
AcDbEntity
  8
F.Silkscreen
  6
CONTINUOUS
100
AcDbLine
 10
6.2019028740157482
 20
-3.1518509055118109
 30
0
 11
6.2019028740157482
 21
-3.1469537007874013
 31
0
  0
LINE
  5
4F7
330
22
100
AcDbEntity
  8
F.Silkscreen
  6
CONTINUOUS
100
AcDbLine
 10
6.2019028740157482
 20
-3.1469537007874013
 30
0
 11
6.2001948425196849
 21
-3.1401216535433072
 31
0
  0
LINE
  5
4F8
330
22
100
AcDbEntity
  8
F.Silkscreen
  6
CONTINUOUS
100
AcDbLine
 10
6.2001948425196849
 20
-3.1401216535433072
 30
0
 11
6.1986793700787404
 21
-3.1370906692913385
 31
0
  0
LINE
  5
4F9
330
22
100
AcDbEntity
  8
F.Silkscreen
  6
CONTINUOUS
100
AcDbLine
 10
6.1986793700787404
 20
-3.1370906692913385
 30
0
 11
6.1957615354330704
 21
-3.1341728346456694
 31
0
  0
LINE
  5
4FA
330
22
100
AcDbEntity
  8
F.Silkscreen
  6
CONTINUOUS
100
AcDbLine
 10
6.1957615354330704
 20
-3.1341728346456694
 30
0
 11
6.1912531496062995
 21
-3.1326700393700788
 31
0
  0
LINE
  5
4FB
330
22
100
AcDbEntity
  8
F.Silkscreen
  6
CONTINUOUS
100
AcDbLine
 10
6.1912531496062995
 20
-3.1326700393700788
 30
0
 11
6.1853112204724408
 21
-3.1326700393700788
 31
0
  0
LINE
  5
4FC
330
22
100
AcDbEntity
  8
F.Silkscreen
  6
CONTINUOUS
100
AcDbLine
 10
6.1853112204724408
 20
-3.1326700393700788
 30
0
 11
6.1853112204724408
 21
-3.1661346062992126
 31
0
  0
LINE
  5
4FD
330
22
100
AcDbEntity
  8
F.Silkscreen
  6
CONTINUOUS
100
AcDbLine
 10
6.2354279527559058
 20
-3.1268212598425196
 30
0
 11
6.23552594488189
 21
-3.1268618503937007
 31
0
  0
LINE
  5
4FE
330
22
100
AcDbEntity
  8
F.Silkscreen
  6
CONTINUOUS
100
AcDbLine
 10
6.23552594488189
 20
-3.1268618503937007
 30
0
 11
6.2356317716535434
 21
-3.1268693700787402
 31
0
  0
LINE
  5
4FF
330
22
100
AcDbEntity
  8
F.Silkscreen
  6
CONTINUOUS
100
AcDbLine
 10
6.2356317716535434
 20
-3.1268693700787402
 30
0
 11
6.2361724015748026
 21
-3.1270762598425197
 31
0
  0
LINE
  5
500
330
22
100
AcDbEntity
  8
F.Silkscreen
  6
CONTINUOUS
100
AcDbLine
 10
6.2361724015748026
 20
-3.1270762598425197
 30
0
 11
6.2399219291338586
 21
-3.1289510236220472
 31
0
  0
LINE
  5
501
330
22
100
AcDbEntity
  8
F.Silkscreen
  6
CONTINUOUS
100
AcDbLine
 10
6.2399219291338586
 20
-3.1289510236220472
 30
0
 11
6.2401699212598425
 21
-3.129107086614173
 31
0
  0
LINE
  5
502
330
22
100
AcDbEntity
  8
F.Silkscreen
  6
CONTINUOUS
100
AcDbLine
 10
6.2401699212598425
 20
-3.129107086614173
 30
0
 11
6.2402418897637792
 21
-3.1291369291338582
 31
0
  0
LINE
  5
503
330
22
100
AcDbEntity
  8
F.Silkscreen
  6
CONTINUOUS
100
AcDbLine
 10
6.2402418897637792
 20
-3.1291369291338582
 30
0
 11
6.2403228346456689
 21
-3.1292033858267714
 31
0
  0
LINE
  5
504
330
22
100
AcDbEntity
  8
F.Silkscreen
  6
CONTINUOUS
100
AcDbLine
 10
6.2403228346456689
 20
-3.1292033858267714
 30
0
 11
6.2404118110236215
 21
-3.1292593700787399
 31
0
  0
LINE
  5
505
330
22
100
AcDbEntity
  8
F.Silkscreen
  6
CONTINUOUS
100
AcDbLine
 10
6.2404118110236215
 20
-3.1292593700787399
 30
0
 11
6.2404629527559052
 21
-3.1293183464566927
 31
0
  0
LINE
  5
506
330
22
100
AcDbEntity
  8
F.Silkscreen
  6
CONTINUOUS
100
AcDbLine
 10
6.2404629527559052
 20
-3.1293183464566927
 30
0
 11
6.2406893307086611
 21
-3.1295041338582679
 31
0
  0
LINE
  5
507
330
22
100
AcDbEntity
  8
F.Silkscreen
  6
CONTINUOUS
100
AcDbLine
 10
6.2406893307086611
 20
-3.1295041338582679
 30
0
 11
6.2425640944881886
 21
-3.1313788976377954
 31
0
  0
LINE
  5
508
330
22
100
AcDbEntity
  8
F.Silkscreen
  6
CONTINUOUS
100
AcDbLine
 10
6.2425640944881886
 20
-3.1313788976377954
 30
0
 11
6.242749842519685
 21
-3.1316052362204725
 31
0
  0
LINE
  5
509
330
22
100
AcDbEntity
  8
F.Silkscreen
  6
CONTINUOUS
100
AcDbLine
 10
6.242749842519685
 20
-3.1316052362204725
 30
0
 11
6.2428088582677166
 21
-3.1316564173228345
 31
0
  0
LINE
  5
50A
330
22
100
AcDbEntity
  8
F.Silkscreen
  6
CONTINUOUS
100
AcDbLine
 10
6.2428088582677166
 20
-3.1316564173228345
 30
0
 11
6.2428648031496063
 21
-3.1317453543307088
 31
0
  0
LINE
  5
50B
330
22
100
AcDbEntity
  8
F.Silkscreen
  6
CONTINUOUS
100
AcDbLine
 10
6.2428648031496063
 20
-3.1317453543307088
 30
0
 11
6.2429312992125983
 21
-3.1318263385826772
 31
0
  0
LINE
  5
50C
330
22
100
AcDbEntity
  8
F.Silkscreen
  6
CONTINUOUS
100
AcDbLine
 10
6.2429312992125983
 20
-3.1318263385826772
 30
0
 11
6.2429611023622043
 21
-3.1318982677165352
 31
0
  0
LINE
  5
50D
330
22
100
AcDbEntity
  8
F.Silkscreen
  6
CONTINUOUS
100
AcDbLine
 10
6.2429611023622043
 20
-3.1318982677165352
 30
0
 11
6.2431172047244097
 21
-3.1321462992125984
 31
0
  0
LINE
  5
50E
330
22
100
AcDbEntity
  8
F.Silkscreen
  6
CONTINUOUS
100
AcDbLine
 10
6.2431172047244097
 20
-3.1321462992125984
 30
0
 11
6.2449919685039372
 21
-3.1358958267716535
 31
0
  0
LINE
  5
50F
330
22
100
AcDbEntity
  8
F.Silkscreen
  6
CONTINUOUS
100
AcDbLine
 10
6.2449919685039372
 20
-3.1358958267716535
 30
0
 11
6.2451988582677167
 21
-3.1364364173228347
 31
0
  0
LINE
  5
510
330
22
100
AcDbEntity
  8
F.Silkscreen
  6
CONTINUOUS
100
AcDbLine
 10
6.2451988582677167
 20
-3.1364364173228347
 30
0
 11
6.2452063779527558
 21
-3.1365422834645669
 31
0
  0
LINE
  5
511
330
22
100
AcDbEntity
  8
F.Silkscreen
  6
CONTINUOUS
100
AcDbLine
 10
6.2452063779527558
 20
-3.1365422834645669
 30
0
 11
6.2452469685039365
 21
-3.1366402755905511
 31
0
  0
LINE
  5
512
330
22
100
AcDbEntity
  8
F.Silkscreen
  6
CONTINUOUS
100
AcDbLine
 10
6.2452469685039365
 20
-3.1366402755905511
 30
0
 11
6.2453037007874013
 21
-3.137216338582677
 31
0
  0
LINE
  5
513
330
22
100
AcDbEntity
  8
F.Silkscreen
  6
CONTINUOUS
100
AcDbLine
 10
6.2453037007874013
 20
-3.137216338582677
 30
0
 11
6.2453037007874013
 21
-3.1409658661417321
 31
0
  0
LINE
  5
514
330
22
100
AcDbEntity
  8
F.Silkscreen
  6
CONTINUOUS
100
AcDbLine
 10
6.2453037007874013
 20
-3.1409658661417321
 30
0
 11
6.2452749606299207
 21
-3.1412574409448819
 31
0
  0
LINE
  5
515
330
22
100
AcDbEntity
  8
F.Silkscreen
  6
CONTINUOUS
100
AcDbLine
 10
6.2452749606299207
 20
-3.1412574409448819
 30
0
 11
6.2452805118110231
 21
-3.1413351968503935
 31
0
  0
LINE
  5
516
330
22
100
AcDbEntity
  8
F.Silkscreen
  6
CONTINUOUS
100
AcDbLine
 10
6.2452805118110231
 20
-3.1413351968503935
 30
0
 11
6.2452572440944882
 21
-3.1414374409448818
 31
0
  0
LINE
  5
517
330
22
100
AcDbEntity
  8
F.Silkscreen
  6
CONTINUOUS
100
AcDbLine
 10
6.2452572440944882
 20
-3.1414374409448818
 30
0
 11
6.2452469685039365
 21
-3.141541929133858
 31
0
  0
LINE
  5
518
330
22
100
AcDbEntity
  8
F.Silkscreen
  6
CONTINUOUS
100
AcDbLine
 10
6.2452469685039365
 20
-3.141541929133858
 30
0
 11
6.245217086614173
 21
-3.1416139763779527
 31
0
  0
LINE
  5
519
330
22
100
AcDbEntity
  8
F.Silkscreen
  6
CONTINUOUS
100
AcDbLine
 10
6.245217086614173
 20
-3.1416139763779527
 30
0
 11
6.2451521653543303
 21
-3.1418996456692914
 31
0
  0
LINE
  5
51A
330
22
100
AcDbEntity
  8
F.Silkscreen
  6
CONTINUOUS
100
AcDbLine
 10
6.2451521653543303
 20
-3.1418996456692914
 30
0
 11
6.2432774015748027
 21
-3.1475238976377953
 31
0
  0
LINE
  5
51B
330
22
100
AcDbEntity
  8
F.Silkscreen
  6
CONTINUOUS
100
AcDbLine
 10
6.2432774015748027
 20
-3.1475238976377953
 30
0
 11
6.2430414173228348
 21
-3.1480524803149605
 31
0
  0
LINE
  5
51C
330
22
100
AcDbEntity
  8
F.Silkscreen
  6
CONTINUOUS
100
AcDbLine
 10
6.2430414173228348
 20
-3.1480524803149605
 30
0
 11
6.2429719291338586
 21
-3.1481325590551181
 31
0
  0
LINE
  5
51D
330
22
100
AcDbEntity
  8
F.Silkscreen
  6
CONTINUOUS
100
AcDbLine
 10
6.2429719291338586
 20
-3.1481325590551181
 30
0
 11
6.242931338582677
 21
-3.1482306299212599
 31
0
  0
LINE
  5
51E
330
22
100
AcDbEntity
  8
F.Silkscreen
  6
CONTINUOUS
100
AcDbLine
 10
6.242931338582677
 20
-3.1482306299212599
 30
0
 11
6.2425640944881886
 21
-3.1486780708661417
 31
0
  0
LINE
  5
51F
330
22
100
AcDbEntity
  8
F.Silkscreen
  6
CONTINUOUS
100
AcDbLine
 10
6.2425640944881886
 20
-3.1486780708661417
 30
0
 11
6.2251075984251969
 21
-3.1661346062992126
 31
0
  0
LINE
  5
520
330
22
100
AcDbEntity
  8
F.Silkscreen
  6
CONTINUOUS
100
AcDbLine
 10
6.2251075984251969
 20
-3.1661346062992126
 30
0
 11
6.2423509448818892
 21
-3.1661346062992126
 31
0
  0
LINE
  5
521
330
22
100
AcDbEntity
  8
F.Silkscreen
  6
CONTINUOUS
100
AcDbLine
 10
6.2423509448818892
 20
-3.1661346062992126
 30
0
 11
6.242927007874016
 21
-3.166191338582677
 31
0
  0
LINE
  5
522
330
22
100
AcDbEntity
  8
F.Silkscreen
  6
CONTINUOUS
100
AcDbLine
 10
6.242927007874016
 20
-3.166191338582677
 30
0
 11
6.2439914173228344
 21
-3.1666322440944881
 31
0
  0
LINE
  5
523
330
22
100
AcDbEntity
  8
F.Silkscreen
  6
CONTINUOUS
100
AcDbLine
 10
6.2439914173228344
 20
-3.1666322440944881
 30
0
 11
6.2448060629921258
 21
-3.1674468897637795
 31
0
  0
LINE
  5
524
330
22
100
AcDbEntity
  8
F.Silkscreen
  6
CONTINUOUS
100
AcDbLine
 10
6.2448060629921258
 20
-3.1674468897637795
 30
0
 11
6.2452469685039365
 21
-3.1685112992125983
 31
0
  0
LINE
  5
525
330
22
100
AcDbEntity
  8
F.Silkscreen
  6
CONTINUOUS
100
AcDbLine
 10
6.2452469685039365
 20
-3.1685112992125983
 30
0
 11
6.2452469685039365
 21
-3.1696634251968505
 31
0
  0
LINE
  5
526
330
22
100
AcDbEntity
  8
F.Silkscreen
  6
CONTINUOUS
100
AcDbLine
 10
6.2452469685039365
 20
-3.1696634251968505
 30
0
 11
6.2448060629921258
 21
-3.1707278346456693
 31
0
  0
LINE
  5
527
330
22
100
AcDbEntity
  8
F.Silkscreen
  6
CONTINUOUS
100
AcDbLine
 10
6.2448060629921258
 20
-3.1707278346456693
 30
0
 11
6.2439914173228344
 21
-3.1715424803149608
 31
0
  0
LINE
  5
528
330
22
100
AcDbEntity
  8
F.Silkscreen
  6
CONTINUOUS
100
AcDbLine
 10
6.2439914173228344
 20
-3.1715424803149608
 30
0
 11
6.242927007874016
 21
-3.1719833858267714
 31
0
  0
LINE
  5
529
330
22
100
AcDbEntity
  8
F.Silkscreen
  6
CONTINUOUS
100
AcDbLine
 10
6.242927007874016
 20
-3.1719833858267714
 30
0
 11
6.2423509448818892
 21
-3.1720401181102362
 31
0
  0
LINE
  5
52A
330
22
100
AcDbEntity
  8
F.Silkscreen
  6
CONTINUOUS
100
AcDbLine
 10
6.2423509448818892
 20
-3.1720401181102362
 30
0
 11
6.217979015748031
 21
-3.1720401181102362
 31
0
  0
LINE
  5
52B
330
22
100
AcDbEntity
  8
F.Silkscreen
  6
CONTINUOUS
100
AcDbLine
 10
6.217979015748031
 20
-3.1720401181102362
 30
0
 11
6.2174029527559052
 21
-3.1719833858267714
 31
0
  0
LINE
  5
52C
330
22
100
AcDbEntity
  8
F.Silkscreen
  6
CONTINUOUS
100
AcDbLine
 10
6.2174029527559052
 20
-3.1719833858267714
 30
0
 11
6.2163385433070868
 21
-3.1715424803149608
 31
0
  0
LINE
  5
52D
330
22
100
AcDbEntity
  8
F.Silkscreen
  6
CONTINUOUS
100
AcDbLine
 10
6.2163385433070868
 20
-3.1715424803149608
 30
0
 11
6.2155238976377953
 21
-3.1707278346456693
 31
0
  0
LINE
  5
52E
330
22
100
AcDbEntity
  8
F.Silkscreen
  6
CONTINUOUS
100
AcDbLine
 10
6.2155238976377953
 20
-3.1707278346456693
 30
0
 11
6.2150829921259838
 21
-3.1696634251968505
 31
0
  0
LINE
  5
52F
330
22
100
AcDbEntity
  8
F.Silkscreen
  6
CONTINUOUS
100
AcDbLine
 10
6.2150829921259838
 20
-3.1696634251968505
 30
0
 11
6.2150829921259838
 21
-3.1685112992125983
 31
0
  0
LINE
  5
530
330
22
100
AcDbEntity
  8
F.Silkscreen
  6
CONTINUOUS
100
AcDbLine
 10
6.2150829921259838
 20
-3.1685112992125983
 30
0
 11
6.2155238976377953
 21
-3.1674468897637795
 31
0
  0
LINE
  5
531
330
22
100
AcDbEntity
  8
F.Silkscreen
  6
CONTINUOUS
100
AcDbLine
 10
6.2155238976377953
 20
-3.1674468897637795
 30
0
 11
6.215891102362205
 21
-3.1669994488188977
 31
0
  0
LINE
  5
532
330
22
100
AcDbEntity
  8
F.Silkscreen
  6
CONTINUOUS
100
AcDbLine
 10
6.215891102362205
 20
-3.1669994488188977
 30
0
 11
6.2378953543307087
 21
-3.144995118110236
 31
0
  0
LINE
  5
533
330
22
100
AcDbEntity
  8
F.Silkscreen
  6
CONTINUOUS
100
AcDbLine
 10
6.2378953543307087
 20
-3.144995118110236
 30
0
 11
6.2393981889763781
 21
-3.1404867322834646
 31
0
  0
LINE
  5
534
330
22
100
AcDbEntity
  8
F.Silkscreen
  6
CONTINUOUS
100
AcDbLine
 10
6.2393981889763781
 20
-3.1404867322834646
 30
0
 11
6.2393981889763781
 21
-3.1379133858267716
 31
0
  0
LINE
  5
535
330
22
100
AcDbEntity
  8
F.Silkscreen
  6
CONTINUOUS
100
AcDbLine
 10
6.2393981889763781
 20
-3.1379133858267716
 30
0
 11
6.2380494488188978
 21
-3.135215905511811
 31
0
  0
LINE
  5
536
330
22
100
AcDbEntity
  8
F.Silkscreen
  6
CONTINUOUS
100
AcDbLine
 10
6.2380494488188978
 20
-3.135215905511811
 30
0
 11
6.236852322834646
 21
-3.1340187795275591
 31
0
  0
LINE
  5
537
330
22
100
AcDbEntity
  8
F.Silkscreen
  6
CONTINUOUS
100
AcDbLine
 10
6.236852322834646
 20
-3.1340187795275591
 30
0
 11
6.2341548425196853
 21
-3.1326700393700788
 31
0
  0
LINE
  5
538
330
22
100
AcDbEntity
  8
F.Silkscreen
  6
CONTINUOUS
100
AcDbLine
 10
6.2341548425196853
 20
-3.1326700393700788
 30
0
 11
6.2261751181102358
 21
-3.1326700393700788
 31
0
  0
LINE
  5
539
330
22
100
AcDbEntity
  8
F.Silkscreen
  6
CONTINUOUS
100
AcDbLine
 10
6.2261751181102358
 20
-3.1326700393700788
 30
0
 11
6.2234776377952752
 21
-3.1340187795275591
 31
0
  0
LINE
  5
53A
330
22
100
AcDbEntity
  8
F.Silkscreen
  6
CONTINUOUS
100
AcDbLine
 10
6.2234776377952752
 20
-3.1340187795275591
 30
0
 11
6.2219416929133855
 21
-3.1355547244094488
 31
0
  0
LINE
  5
53B
330
22
100
AcDbEntity
  8
F.Silkscreen
  6
CONTINUOUS
100
AcDbLine
 10
6.2219416929133855
 20
-3.1355547244094488
 30
0
 11
6.2214942519685037
 21
-3.135921929133858
 31
0
  0
LINE
  5
53C
330
22
100
AcDbEntity
  8
F.Silkscreen
  6
CONTINUOUS
100
AcDbLine
 10
6.2214942519685037
 20
-3.135921929133858
 30
0
 11
6.2204298031496066
 21
-3.1363628346456691
 31
0
  0
LINE
  5
53D
330
22
100
AcDbEntity
  8
F.Silkscreen
  6
CONTINUOUS
100
AcDbLine
 10
6.2204298031496066
 20
-3.1363628346456691
 30
0
 11
6.2192777559055115
 21
-3.1363628346456691
 31
0
  0
LINE
  5
53E
330
22
100
AcDbEntity
  8
F.Silkscreen
  6
CONTINUOUS
100
AcDbLine
 10
6.2192777559055115
 20
-3.1363628346456691
 30
0
 11
6.2182133070866143
 21
-3.135921929133858
 31
0
  0
LINE
  5
53F
330
22
100
AcDbEntity
  8
F.Silkscreen
  6
CONTINUOUS
100
AcDbLine
 10
6.2182133070866143
 20
-3.135921929133858
 30
0
 11
6.2173986614173229
 21
-3.135107283464567
 31
0
  0
LINE
  5
540
330
22
100
AcDbEntity
  8
F.Silkscreen
  6
CONTINUOUS
100
AcDbLine
 10
6.2173986614173229
 20
-3.135107283464567
 30
0
 11
6.2169577559055114
 21
-3.134042834645669
 31
0
  0
LINE
  5
541
330
22
100
AcDbEntity
  8
F.Silkscreen
  6
CONTINUOUS
100
AcDbLine
 10
6.2169577559055114
 20
-3.134042834645669
 30
0
 11
6.2169577559055114
 21
-3.1328907874015748
 31
0
  0
LINE
  5
542
330
22
100
AcDbEntity
  8
F.Silkscreen
  6
CONTINUOUS
100
AcDbLine
 10
6.2169577559055114
 20
-3.1328907874015748
 30
0
 11
6.2173986614173229
 21
-3.1318263385826772
 31
0
  0
LINE
  5
543
330
22
100
AcDbEntity
  8
F.Silkscreen
  6
CONTINUOUS
100
AcDbLine
 10
6.2173986614173229
 20
-3.1318263385826772
 30
0
 11
6.2177658661417325
 21
-3.1313788976377954
 31
0
  0
LINE
  5
544
330
22
100
AcDbEntity
  8
F.Silkscreen
  6
CONTINUOUS
100
AcDbLine
 10
6.2177658661417325
 20
-3.1313788976377954
 30
0
 11
6.2196406299212601
 21
-3.1295041338582679
 31
0
  0
LINE
  5
545
330
22
100
AcDbEntity
  8
F.Silkscreen
  6
CONTINUOUS
100
AcDbLine
 10
6.2196406299212601
 20
-3.1295041338582679
 30
0
 11
6.2198669685039372
 21
-3.1293183464566927
 31
0
  0
LINE
  5
546
330
22
100
AcDbEntity
  8
F.Silkscreen
  6
CONTINUOUS
100
AcDbLine
 10
6.2198669685039372
 20
-3.1293183464566927
 30
0
 11
6.2199181496062987
 21
-3.1292593700787399
 31
0
  0
LINE
  5
547
330
22
100
AcDbEntity
  8
F.Silkscreen
  6
CONTINUOUS
100
AcDbLine
 10
6.2199181496062987
 20
-3.1292593700787399
 30
0
 11
6.2200070866141735
 21
-3.1292033858267714
 31
0
  0
LINE
  5
548
330
22
100
AcDbEntity
  8
F.Silkscreen
  6
CONTINUOUS
100
AcDbLine
 10
6.2200070866141735
 20
-3.1292033858267714
 30
0
 11
6.2200880708661419
 21
-3.1291369291338582
 31
0
  0
LINE
  5
549
330
22
100
AcDbEntity
  8
F.Silkscreen
  6
CONTINUOUS
100
AcDbLine
 10
6.2200880708661419
 20
-3.1291369291338582
 30
0
 11
6.2201599999999999
 21
-3.129107086614173
 31
0
  0
LINE
  5
54A
330
22
100
AcDbEntity
  8
F.Silkscreen
  6
CONTINUOUS
100
AcDbLine
 10
6.2201599999999999
 20
-3.129107086614173
 30
0
 11
6.2204080314960626
 21
-3.1289510236220472
 31
0
  0
LINE
  5
54B
330
22
100
AcDbEntity
  8
F.Silkscreen
  6
CONTINUOUS
100
AcDbLine
 10
6.2204080314960626
 20
-3.1289510236220472
 30
0
 11
6.2241575590551177
 21
-3.1270762598425197
 31
0
  0
LINE
  5
54C
330
22
100
AcDbEntity
  8
F.Silkscreen
  6
CONTINUOUS
100
AcDbLine
 10
6.2241575590551177
 20
-3.1270762598425197
 30
0
 11
6.224698149606299
 21
-3.1268693700787402
 31
0
  0
LINE
  5
54D
330
22
100
AcDbEntity
  8
F.Silkscreen
  6
CONTINUOUS
100
AcDbLine
 10
6.224698149606299
 20
-3.1268693700787402
 30
0
 11
6.2248040157480311
 21
-3.1268618110236219
 31
0
  0
LINE
  5
54E
330
22
100
AcDbEntity
  8
F.Silkscreen
  6
CONTINUOUS
100
AcDbLine
 10
6.2248040157480311
 20
-3.1268618110236219
 30
0
 11
6.2249020078740154
 21
-3.1268212598425196
 31
0
  0
LINE
  5
54F
330
22
100
AcDbEntity
  8
F.Silkscreen
  6
CONTINUOUS
100
AcDbLine
 10
6.2249020078740154
 20
-3.1268212598425196
 30
0
 11
6.2254780708661412
 21
-3.1267645275590552
 31
0
  0
LINE
  5
550
330
22
100
AcDbEntity
  8
F.Silkscreen
  6
CONTINUOUS
100
AcDbLine
 10
6.2254780708661412
 20
-3.1267645275590552
 30
0
 11
6.234851889763779
 21
-3.1267645275590552
 31
0
  0
LINE
  5
551
330
22
100
AcDbEntity
  8
F.Silkscreen
  6
CONTINUOUS
100
AcDbLine
 10
6.234851889763779
 20
-3.1267645275590552
 30
0
 11
6.2354279527559058
 21
-3.1268212598425196
 31
0
  0
LINE
  5
552
330
22
100
AcDbEntity
  8
F.Silkscreen
  6
CONTINUOUS
100
AcDbLine
 10
5.1656824409448818
 20
-3.0697818503937007
 30
0
 11
5.1664970866141733
 21
-3.0705964960629921
 31
0
  0
LINE
  5
553
330
22
100
AcDbEntity
  8
F.Silkscreen
  6
CONTINUOUS
100
AcDbLine
 10
5.1664970866141733
 20
-3.0705964960629921
 30
0
 11
5.1669379921259839
 21
-3.0716609055118109
 31
0
  0
LINE
  5
554
330
22
100
AcDbEntity
  8
F.Silkscreen
  6
CONTINUOUS
100
AcDbLine
 10
5.1669379921259839
 20
-3.0716609055118109
 30
0
 11
5.1669947244094487
 21
-3.0722369685039368
 31
0
  0
LINE
  5
555
330
22
100
AcDbEntity
  8
F.Silkscreen
  6
CONTINUOUS
100
AcDbLine
 10
5.1669947244094487
 20
-3.0722369685039368
 30
0
 11
5.1669947244094487
 21
-3.1003584251968501
 31
0
  0
LINE
  5
556
330
22
100
AcDbEntity
  8
F.Silkscreen
  6
CONTINUOUS
100
AcDbLine
 10
5.1669947244094487
 20
-3.1003584251968501
 30
0
 11
5.1669659842519682
 21
-3.1006499999999999
 31
0
  0
LINE
  5
557
330
22
100
AcDbEntity
  8
F.Silkscreen
  6
CONTINUOUS
100
AcDbLine
 10
5.1669659842519682
 20
-3.1006499999999999
 30
0
 11
5.1669715354330705
 21
-3.1007277559055115
 31
0
  0
LINE
  5
558
330
22
100
AcDbEntity
  8
F.Silkscreen
  6
CONTINUOUS
100
AcDbLine
 10
5.1669715354330705
 20
-3.1007277559055115
 30
0
 11
5.1669482677165357
 21
-3.1008299999999998
 31
0
  0
LINE
  5
559
330
22
100
AcDbEntity
  8
F.Silkscreen
  6
CONTINUOUS
100
AcDbLine
 10
5.1669482677165357
 20
-3.1008299999999998
 30
0
 11
5.1669379921259839
 21
-3.1009344881889764
 31
0
  0
LINE
  5
55A
330
22
100
AcDbEntity
  8
F.Silkscreen
  6
CONTINUOUS
100
AcDbLine
 10
5.1669379921259839
 20
-3.1009344881889764
 30
0
 11
5.1669081102362204
 21
-3.1010065354330707
 31
0
  0
LINE
  5
55B
330
22
100
AcDbEntity
  8
F.Silkscreen
  6
CONTINUOUS
100
AcDbLine
 10
5.1669081102362204
 20
-3.1010065354330707
 30
0
 11
5.1668431889763777
 21
-3.1012922047244094
 31
0
  0
LINE
  5
55C
330
22
100
AcDbEntity
  8
F.Silkscreen
  6
CONTINUOUS
100
AcDbLine
 10
5.1668431889763777
 20
-3.1012922047244094
 30
0
 11
5.1649684251968502
 21
-3.1069164566929133
 31
0
  0
LINE
  5
55D
330
22
100
AcDbEntity
  8
F.Silkscreen
  6
CONTINUOUS
100
AcDbLine
 10
5.1649684251968502
 20
-3.1069164566929133
 30
0
 11
5.1647324409448814
 21
-3.1074450393700785
 31
0
  0
LINE
  5
55E
330
22
100
AcDbEntity
  8
F.Silkscreen
  6
CONTINUOUS
100
AcDbLine
 10
5.1647324409448814
 20
-3.1074450393700785
 30
0
 11
5.1646629133858264
 21
-3.1075251574803149
 31
0
  0
LINE
  5
55F
330
22
100
AcDbEntity
  8
F.Silkscreen
  6
CONTINUOUS
100
AcDbLine
 10
5.1646629133858264
 20
-3.1075251574803149
 30
0
 11
5.1646223622047245
 21
-3.1076231496062992
 31
0
  0
LINE
  5
560
330
22
100
AcDbEntity
  8
F.Silkscreen
  6
CONTINUOUS
100
AcDbLine
 10
5.1646223622047245
 20
-3.1076231496062992
 30
0
 11
5.1642551574803148
 21
-3.108070590551181
 31
0
  0
LINE
  5
561
330
22
100
AcDbEntity
  8
F.Silkscreen
  6
CONTINUOUS
100
AcDbLine
 10
5.1642551574803148
 20
-3.108070590551181
 30
0
 11
5.160505590551181
 21
-3.1118201968503936
 31
0
  0
LINE
  5
562
330
22
100
AcDbEntity
  8
F.Silkscreen
  6
CONTINUOUS
100
AcDbLine
 10
5.160505590551181
 20
-3.1118201968503936
 30
0
 11
5.1600581496062992
 21
-3.1121874015748032
 31
0
  0
LINE
  5
563
330
22
100
AcDbEntity
  8
F.Silkscreen
  6
CONTINUOUS
100
AcDbLine
 10
5.1600581496062992
 20
-3.1121874015748032
 30
0
 11
5.1599600787401574
 21
-3.1122279921259843
 31
0
  0
LINE
  5
564
330
22
100
AcDbEntity
  8
F.Silkscreen
  6
CONTINUOUS
100
AcDbLine
 10
5.1599600787401574
 20
-3.1122279921259843
 30
0
 11
5.1598799606299215
 21
-3.1122975196850393
 31
0
  0
LINE
  5
565
330
22
100
AcDbEntity
  8
F.Silkscreen
  6
CONTINUOUS
100
AcDbLine
 10
5.1598799606299215
 20
-3.1122975196850393
 30
0
 11
5.1593514173228341
 21
-3.1125335039370077
 31
0
  0
LINE
  5
566
330
22
100
AcDbEntity
  8
F.Silkscreen
  6
CONTINUOUS
100
AcDbLine
 10
5.1593514173228341
 20
-3.1125335039370077
 30
0
 11
5.1537271259842514
 21
-3.1144082677165352
 31
0
  0
LINE
  5
567
330
22
100
AcDbEntity
  8
F.Silkscreen
  6
CONTINUOUS
100
AcDbLine
 10
5.1537271259842514
 20
-3.1144082677165352
 30
0
 11
5.1534415354330712
 21
-3.1144731889763779
 31
0
  0
LINE
  5
568
330
22
100
AcDbEntity
  8
F.Silkscreen
  6
CONTINUOUS
100
AcDbLine
 10
5.1534415354330712
 20
-3.1144731889763779
 30
0
 11
5.1533694488188972
 21
-3.1145030708661419
 31
0
  0
LINE
  5
569
330
22
100
AcDbEntity
  8
F.Silkscreen
  6
CONTINUOUS
100
AcDbLine
 10
5.1533694488188972
 20
-3.1145030708661419
 30
0
 11
5.1532649212598427
 21
-3.1145133464566928
 31
0
  0
LINE
  5
56A
330
22
100
AcDbEntity
  8
F.Silkscreen
  6
CONTINUOUS
100
AcDbLine
 10
5.1532649212598427
 20
-3.1145133464566928
 30
0
 11
5.153162677165354
 21
-3.1145366141732285
 31
0
  0
LINE
  5
56B
330
22
100
AcDbEntity
  8
F.Silkscreen
  6
CONTINUOUS
100
AcDbLine
 10
5.153162677165354
 20
-3.1145366141732285
 30
0
 11
5.1530849212598424
 21
-3.1145310629921261
 31
0
  0
LINE
  5
56C
330
22
100
AcDbEntity
  8
F.Silkscreen
  6
CONTINUOUS
100
AcDbLine
 10
5.1530849212598424
 20
-3.1145310629921261
 30
0
 11
5.1527933858267714
 21
-3.1145598031496062
 31
0
  0
LINE
  5
56D
330
22
100
AcDbEntity
  8
F.Silkscreen
  6
CONTINUOUS
100
AcDbLine
 10
5.1527933858267714
 20
-3.1145598031496062
 30
0
 11
5.1490438582677163
 21
-3.1145598031496062
 31
0
  0
LINE
  5
56E
330
22
100
AcDbEntity
  8
F.Silkscreen
  6
CONTINUOUS
100
AcDbLine
 10
5.1490438582677163
 20
-3.1145598031496062
 30
0
 11
5.1484677952755904
 21
-3.1145030708661419
 31
0
  0
LINE
  5
56F
330
22
100
AcDbEntity
  8
F.Silkscreen
  6
CONTINUOUS
100
AcDbLine
 10
5.1484677952755904
 20
-3.1145030708661419
 30
0
 11
5.1474033858267711
 21
-3.1140621653543308
 31
0
  0
LINE
  5
570
330
22
100
AcDbEntity
  8
F.Silkscreen
  6
CONTINUOUS
100
AcDbLine
 10
5.1474033858267711
 20
-3.1140621653543308
 30
0
 11
5.1465887401574806
 21
-3.1132475196850393
 31
0
  0
LINE
  5
571
330
22
100
AcDbEntity
  8
F.Silkscreen
  6
CONTINUOUS
100
AcDbLine
 10
5.1465887401574806
 20
-3.1132475196850393
 30
0
 11
5.1461478346456691
 21
-3.1121831102362205
 31
0
  0
LINE
  5
572
330
22
100
AcDbEntity
  8
F.Silkscreen
  6
CONTINUOUS
100
AcDbLine
 10
5.1461478346456691
 20
-3.1121831102362205
 30
0
 11
5.1461478346456691
 21
-3.1110309842519683
 31
0
  0
LINE
  5
573
330
22
100
AcDbEntity
  8
F.Silkscreen
  6
CONTINUOUS
100
AcDbLine
 10
5.1461478346456691
 20
-3.1110309842519683
 30
0
 11
5.1465887401574806
 21
-3.1099665748031495
 31
0
  0
LINE
  5
574
330
22
100
AcDbEntity
  8
F.Silkscreen
  6
CONTINUOUS
100
AcDbLine
 10
5.1465887401574806
 20
-3.1099665748031495
 30
0
 11
5.1474033858267711
 21
-3.1091519291338581
 31
0
  0
LINE
  5
575
330
22
100
AcDbEntity
  8
F.Silkscreen
  6
CONTINUOUS
100
AcDbLine
 10
5.1474033858267711
 20
-3.1091519291338581
 30
0
 11
5.1484677952755904
 21
-3.108711023622047
 31
0
  0
LINE
  5
576
330
22
100
AcDbEntity
  8
F.Silkscreen
  6
CONTINUOUS
100
AcDbLine
 10
5.1484677952755904
 20
-3.108711023622047
 30
0
 11
5.1490438582677163
 21
-3.1086542913385826
 31
0
  0
LINE
  5
577
330
22
100
AcDbEntity
  8
F.Silkscreen
  6
CONTINUOUS
100
AcDbLine
 10
5.1490438582677163
 20
-3.1086542913385826
 30
0
 11
5.1523142519685035
 21
-3.1086542913385826
 31
0
  0
LINE
  5
578
330
22
100
AcDbEntity
  8
F.Silkscreen
  6
CONTINUOUS
100
AcDbLine
 10
5.1523142519685035
 20
-3.1086542913385826
 30
0
 11
5.1568226377952753
 21
-3.1071514566929133
 31
0
  0
LINE
  5
579
330
22
100
AcDbEntity
  8
F.Silkscreen
  6
CONTINUOUS
100
AcDbLine
 10
5.1568226377952753
 20
-3.1071514566929133
 30
0
 11
5.1595863779527562
 21
-3.1043876771653545
 31
0
  0
LINE
  5
57A
330
22
100
AcDbEntity
  8
F.Silkscreen
  6
CONTINUOUS
100
AcDbLine
 10
5.1595863779527562
 20
-3.1043876771653545
 30
0
 11
5.1610892125984247
 21
-3.0998792913385826
 31
0
  0
LINE
  5
57B
330
22
100
AcDbEntity
  8
F.Silkscreen
  6
CONTINUOUS
100
AcDbLine
 10
5.1610892125984247
 20
-3.0998792913385826
 30
0
 11
5.1610892125984247
 21
-3.0722369685039368
 31
0
  0
LINE
  5
57C
330
22
100
AcDbEntity
  8
F.Silkscreen
  6
CONTINUOUS
100
AcDbLine
 10
5.1610892125984247
 20
-3.0722369685039368
 30
0
 11
5.1611459448818895
 21
-3.0716609055118109
 31
0
  0
LINE
  5
57D
330
22
100
AcDbEntity
  8
F.Silkscreen
  6
CONTINUOUS
100
AcDbLine
 10
5.1611459448818895
 20
-3.0716609055118109
 30
0
 11
5.161586850393701
 21
-3.0705964960629921
 31
0
  0
LINE
  5
57E
330
22
100
AcDbEntity
  8
F.Silkscreen
  6
CONTINUOUS
100
AcDbLine
 10
5.161586850393701
 20
-3.0705964960629921
 30
0
 11
5.1624014960629916
 21
-3.0697818503937007
 31
0
  0
LINE
  5
57F
330
22
100
AcDbEntity
  8
F.Silkscreen
  6
CONTINUOUS
100
AcDbLine
 10
5.1624014960629916
 20
-3.0697818503937007
 30
0
 11
5.1634659055118108
 21
-3.0693409448818896
 31
0
  0
LINE
  5
580
330
22
100
AcDbEntity
  8
F.Silkscreen
  6
CONTINUOUS
100
AcDbLine
 10
5.1634659055118108
 20
-3.0693409448818896
 30
0
 11
5.1646180314960626
 21
-3.0693409448818896
 31
0
  0
LINE
  5
581
330
22
100
AcDbEntity
  8
F.Silkscreen
  6
CONTINUOUS
100
AcDbLine
 10
5.1646180314960626
 20
-3.0693409448818896
 30
0
 11
5.1656824409448818
 21
-3.0697818503937007
 31
0
  0
LINE
  5
582
330
22
100
AcDbEntity
  8
F.Silkscreen
  6
CONTINUOUS
100
AcDbLine
 10
5.192447125984252
 20
-3.0693409448818896
 30
0
 11
5.1927395275590547
 21
-3.0693409448818896
 31
0
  0
LINE
  5
583
330
22
100
AcDbEntity
  8
F.Silkscreen
  6
CONTINUOUS
100
AcDbLine
 10
5.1927395275590547
 20
-3.0693409448818896
 30
0
 11
5.1930067716535433
 21
-3.069451653543307
 31
0
  0
LINE
  5
584
330
22
100
AcDbEntity
  8
F.Silkscreen
  6
CONTINUOUS
100
AcDbLine
 10
5.1930067716535433
 20
-3.069451653543307
 30
0
 11
5.1932905905511806
 21
-3.0695077952755905
 31
0
  0
LINE
  5
585
330
22
100
AcDbEntity
  8
F.Silkscreen
  6
CONTINUOUS
100
AcDbLine
 10
5.1932905905511806
 20
-3.0695077952755905
 30
0
 11
5.1935338582677169
 21
-3.0696699606299211
 31
0
  0
LINE
  5
586
330
22
100
AcDbEntity
  8
F.Silkscreen
  6
CONTINUOUS
100
AcDbLine
 10
5.1935338582677169
 20
-3.0696699606299211
 30
0
 11
5.1938039370078739
 21
-3.0697818503937007
 31
0
  0
LINE
  5
587
330
22
100
AcDbEntity
  8
F.Silkscreen
  6
CONTINUOUS
100
AcDbLine
 10
5.1938039370078739
 20
-3.0697818503937007
 30
0
 11
5.1940083858267716
 21
-3.0699862992125984
 31
0
  0
LINE
  5
588
330
22
100
AcDbEntity
  8
F.Silkscreen
  6
CONTINUOUS
100
AcDbLine
 10
5.1940083858267716
 20
-3.0699862992125984
 30
0
 11
5.1942492125984252
 21
-3.0701468503937006
 31
0
  0
LINE
  5
589
330
22
100
AcDbEntity
  8
F.Silkscreen
  6
CONTINUOUS
100
AcDbLine
 10
5.1942492125984252
 20
-3.0701468503937006
 30
0
 11
5.1944119291338584
 21
-3.0703898425196852
 31
0
  0
LINE
  5
58A
330
22
100
AcDbEntity
  8
F.Silkscreen
  6
CONTINUOUS
100
AcDbLine
 10
5.1944119291338584
 20
-3.0703898425196852
 30
0
 11
5.1946185826771654
 21
-3.0705964960629921
 31
0
  0
LINE
  5
58B
330
22
100
AcDbEntity
  8
F.Silkscreen
  6
CONTINUOUS
100
AcDbLine
 10
5.1946185826771654
 20
-3.0705964960629921
 30
0
 11
5.1947292519685035
 21
-3.0708637007874016
 31
0
  0
LINE
  5
58C
330
22
100
AcDbEntity
  8
F.Silkscreen
  6
CONTINUOUS
100
AcDbLine
 10
5.1947292519685035
 20
-3.0708637007874016
 30
0
 11
5.1948902755905513
 21
-3.0711041338582676
 31
0
  0
LINE
  5
58D
330
22
100
AcDbEntity
  8
F.Silkscreen
  6
CONTINUOUS
100
AcDbLine
 10
5.1948902755905513
 20
-3.0711041338582676
 30
0
 11
5.1949475984251965
 21
-3.0713907874015747
 31
0
  0
LINE
  5
58E
330
22
100
AcDbEntity
  8
F.Silkscreen
  6
CONTINUOUS
100
AcDbLine
 10
5.1949475984251965
 20
-3.0713907874015747
 30
0
 11
5.195059488188976
 21
-3.0716609055118109
 31
0
  0
LINE
  5
58F
330
22
100
AcDbEntity
  8
F.Silkscreen
  6
CONTINUOUS
100
AcDbLine
 10
5.195059488188976
 20
-3.0716609055118109
 30
0
 11
5.1951155905511808
 21
-3.0722308267716536
 31
0
  0
LINE
  5
590
330
22
100
AcDbEntity
  8
F.Silkscreen
  6
CONTINUOUS
100
AcDbLine
 10
5.1951155905511808
 20
-3.0722308267716536
 30
0
 11
5.1951162204724408
 21
-3.0722338582677167
 31
0
  0
LINE
  5
591
330
22
100
AcDbEntity
  8
F.Silkscreen
  6
CONTINUOUS
100
AcDbLine
 10
5.1951162204724408
 20
-3.0722338582677167
 30
0
 11
5.1951159842519683
 21
-3.0722348818897638
 31
0
  0
LINE
  5
592
330
22
100
AcDbEntity
  8
F.Silkscreen
  6
CONTINUOUS
100
AcDbLine
 10
5.1951159842519683
 20
-3.0722348818897638
 30
0
 11
5.1951162204724408
 21
-3.0722369685039368
 31
0
  0
LINE
  5
593
330
22
100
AcDbEntity
  8
F.Silkscreen
  6
CONTINUOUS
100
AcDbLine
 10
5.1951162204724408
 20
-3.0722369685039368
 30
0
 11
5.1951162204724408
 21
-3.1086542913385826
 31
0
  0
LINE
  5
594
330
22
100
AcDbEntity
  8
F.Silkscreen
  6
CONTINUOUS
100
AcDbLine
 10
5.1951162204724408
 20
-3.1086542913385826
 30
0
 11
5.2034120472440941
 21
-3.1086542913385826
 31
0
  0
LINE
  5
595
330
22
100
AcDbEntity
  8
F.Silkscreen
  6
CONTINUOUS
100
AcDbLine
 10
5.2034120472440941
 20
-3.1086542913385826
 30
0
 11
5.20398811023622
 21
-3.108711023622047
 31
0
  0
LINE
  5
596
330
22
100
AcDbEntity
  8
F.Silkscreen
  6
CONTINUOUS
100
AcDbLine
 10
5.20398811023622
 20
-3.108711023622047
 30
0
 11
5.2050525196850392
 21
-3.1091519291338581
 31
0
  0
LINE
  5
597
330
22
100
AcDbEntity
  8
F.Silkscreen
  6
CONTINUOUS
100
AcDbLine
 10
5.2050525196850392
 20
-3.1091519291338581
 30
0
 11
5.2058671653543307
 21
-3.1099665748031495
 31
0
  0
LINE
  5
598
330
22
100
AcDbEntity
  8
F.Silkscreen
  6
CONTINUOUS
100
AcDbLine
 10
5.2058671653543307
 20
-3.1099665748031495
 30
0
 11
5.2063080708661413
 21
-3.1110309842519683
 31
0
  0
LINE
  5
599
330
22
100
AcDbEntity
  8
F.Silkscreen
  6
CONTINUOUS
100
AcDbLine
 10
5.2063080708661413
 20
-3.1110309842519683
 30
0
 11
5.2063080708661413
 21
-3.1121831102362205
 31
0
  0
LINE
  5
59A
330
22
100
AcDbEntity
  8
F.Silkscreen
  6
CONTINUOUS
100
AcDbLine
 10
5.2063080708661413
 20
-3.1121831102362205
 30
0
 11
5.2058671653543307
 21
-3.1132475196850393
 31
0
  0
LINE
  5
59B
330
22
100
AcDbEntity
  8
F.Silkscreen
  6
CONTINUOUS
100
AcDbLine
 10
5.2058671653543307
 20
-3.1132475196850393
 30
0
 11
5.2050525196850392
 21
-3.1140621653543308
 31
0
  0
LINE
  5
59C
330
22
100
AcDbEntity
  8
F.Silkscreen
  6
CONTINUOUS
100
AcDbLine
 10
5.2050525196850392
 20
-3.1140621653543308
 30
0
 11
5.20398811023622
 21
-3.1145030708661419
 31
0
  0
LINE
  5
59D
330
22
100
AcDbEntity
  8
F.Silkscreen
  6
CONTINUOUS
100
AcDbLine
 10
5.20398811023622
 20
-3.1145030708661419
 30
0
 11
5.2034120472440941
 21
-3.1145598031496062
 31
0
  0
LINE
  5
59E
330
22
100
AcDbEntity
  8
F.Silkscreen
  6
CONTINUOUS
100
AcDbLine
 10
5.2034120472440941
 20
-3.1145598031496062
 30
0
 11
5.1809148818897635
 21
-3.1145598031496062
 31
0
  0
LINE
  5
59F
330
22
100
AcDbEntity
  8
F.Silkscreen
  6
CONTINUOUS
100
AcDbLine
 10
5.1809148818897635
 20
-3.1145598031496062
 30
0
 11
5.1803388188976376
 21
-3.1145030708661419
 31
0
  0
LINE
  5
5A0
330
22
100
AcDbEntity
  8
F.Silkscreen
  6
CONTINUOUS
100
AcDbLine
 10
5.1803388188976376
 20
-3.1145030708661419
 30
0
 11
5.1792744094488183
 21
-3.1140621653543308
 31
0
  0
LINE
  5
5A1
330
22
100
AcDbEntity
  8
F.Silkscreen
  6
CONTINUOUS
100
AcDbLine
 10
5.1792744094488183
 20
-3.1140621653543308
 30
0
 11
5.1784597637795278
 21
-3.1132475196850393
 31
0
  0
LINE
  5
5A2
330
22
100
AcDbEntity
  8
F.Silkscreen
  6
CONTINUOUS
100
AcDbLine
 10
5.1784597637795278
 20
-3.1132475196850393
 30
0
 11
5.1780188582677162
 21
-3.1121831102362205
 31
0
  0
LINE
  5
5A3
330
22
100
AcDbEntity
  8
F.Silkscreen
  6
CONTINUOUS
100
AcDbLine
 10
5.1780188582677162
 20
-3.1121831102362205
 30
0
 11
5.1780188582677162
 21
-3.1110309842519683
 31
0
  0
LINE
  5
5A4
330
22
100
AcDbEntity
  8
F.Silkscreen
  6
CONTINUOUS
100
AcDbLine
 10
5.1780188582677162
 20
-3.1110309842519683
 30
0
 11
5.1784597637795278
 21
-3.1099665748031495
 31
0
  0
LINE
  5
5A5
330
22
100
AcDbEntity
  8
F.Silkscreen
  6
CONTINUOUS
100
AcDbLine
 10
5.1784597637795278
 20
-3.1099665748031495
 30
0
 11
5.1792744094488183
 21
-3.1091519291338581
 31
0
  0
LINE
  5
5A6
330
22
100
AcDbEntity
  8
F.Silkscreen
  6
CONTINUOUS
100
AcDbLine
 10
5.1792744094488183
 20
-3.1091519291338581
 30
0
 11
5.1803388188976376
 21
-3.108711023622047
 31
0
  0
LINE
  5
5A7
330
22
100
AcDbEntity
  8
F.Silkscreen
  6
CONTINUOUS
100
AcDbLine
 10
5.1803388188976376
 20
-3.108711023622047
 30
0
 11
5.1809148818897635
 21
-3.1086542913385826
 31
0
  0
LINE
  5
5A8
330
22
100
AcDbEntity
  8
F.Silkscreen
  6
CONTINUOUS
100
AcDbLine
 10
5.1809148818897635
 20
-3.1086542913385826
 30
0
 11
5.1892107086614176
 21
-3.1086542913385826
 31
0
  0
LINE
  5
5A9
330
22
100
AcDbEntity
  8
F.Silkscreen
  6
CONTINUOUS
100
AcDbLine
 10
5.1892107086614176
 20
-3.1086542913385826
 30
0
 11
5.1892107086614176
 21
-3.0812403149606298
 31
0
  0
LINE
  5
5AA
330
22
100
AcDbEntity
  8
F.Silkscreen
  6
CONTINUOUS
100
AcDbLine
 10
5.1892107086614176
 20
-3.0812403149606298
 30
0
 11
5.1867523228346455
 21
-3.0836987007874015
 31
0
  0
LINE
  5
5AB
330
22
100
AcDbEntity
  8
F.Silkscreen
  6
CONTINUOUS
100
AcDbLine
 10
5.1867523228346455
 20
-3.0836987007874015
 30
0
 11
5.1865259448818897
 21
-3.0838844488188975
 31
0
  0
LINE
  5
5AC
330
22
100
AcDbEntity
  8
F.Silkscreen
  6
CONTINUOUS
100
AcDbLine
 10
5.1865259448818897
 20
-3.0838844488188975
 30
0
 11
5.186474803149606
 21
-3.083943464566929
 31
0
  0
LINE
  5
5AD
330
22
100
AcDbEntity
  8
F.Silkscreen
  6
CONTINUOUS
100
AcDbLine
 10
5.186474803149606
 20
-3.083943464566929
 30
0
 11
5.1863858267716534
 21
-3.0839994094488188
 31
0
  0
LINE
  5
5AE
330
22
100
AcDbEntity
  8
F.Silkscreen
  6
CONTINUOUS
100
AcDbLine
 10
5.1863858267716534
 20
-3.0839994094488188
 30
0
 11
5.1863048818897637
 21
-3.0840659055118111
 31
0
  0
LINE
  5
5AF
330
22
100
AcDbEntity
  8
F.Silkscreen
  6
CONTINUOUS
100
AcDbLine
 10
5.1863048818897637
 20
-3.0840659055118111
 30
0
 11
5.1862329133858269
 21
-3.0840957086614171
 31
0
  0
LINE
  5
5B0
330
22
100
AcDbEntity
  8
F.Silkscreen
  6
CONTINUOUS
100
AcDbLine
 10
5.1862329133858269
 20
-3.0840957086614171
 30
0
 11
5.1859849212598421
 21
-3.0842518110236221
 31
0
  0
LINE
  5
5B1
330
22
100
AcDbEntity
  8
F.Silkscreen
  6
CONTINUOUS
100
AcDbLine
 10
5.1859849212598421
 20
-3.0842518110236221
 30
0
 11
5.182235393700787
 21
-3.0861265748031497
 31
0
  0
LINE
  5
5B2
330
22
100
AcDbEntity
  8
F.Silkscreen
  6
CONTINUOUS
100
AcDbLine
 10
5.182235393700787
 20
-3.0861265748031497
 30
0
 11
5.1816947637795279
 21
-3.0863334645669291
 31
0
  0
LINE
  5
5B3
330
22
100
AcDbEntity
  8
F.Silkscreen
  6
CONTINUOUS
100
AcDbLine
 10
5.1816947637795279
 20
-3.0863334645669291
 30
0
 11
5.180545551181102
 21
-3.0864151181102359
 31
0
  0
LINE
  5
5B4
330
22
100
AcDbEntity
  8
F.Silkscreen
  6
CONTINUOUS
100
AcDbLine
 10
5.180545551181102
 20
-3.0864151181102359
 30
0
 11
5.1794525984251969
 21
-3.0860507874015748
 31
0
  0
LINE
  5
5B5
330
22
100
AcDbEntity
  8
F.Silkscreen
  6
CONTINUOUS
100
AcDbLine
 10
5.1794525984251969
 20
-3.0860507874015748
 30
0
 11
5.1785822047244094
 21
-3.0852959448818895
 31
0
  0
LINE
  5
5B6
330
22
100
AcDbEntity
  8
F.Silkscreen
  6
CONTINUOUS
100
AcDbLine
 10
5.1785822047244094
 20
-3.0852959448818895
 30
0
 11
5.1780669685039369
 21
-3.0842654330708661
 31
0
  0
LINE
  5
5B7
330
22
100
AcDbEntity
  8
F.Silkscreen
  6
CONTINUOUS
100
AcDbLine
 10
5.1780669685039369
 20
-3.0842654330708661
 30
0
 11
5.1779853149606296
 21
-3.0831162204724407
 31
0
  0
LINE
  5
5B8
330
22
100
AcDbEntity
  8
F.Silkscreen
  6
CONTINUOUS
100
AcDbLine
 10
5.1779853149606296
 20
-3.0831162204724407
 30
0
 11
5.1783496456692912
 21
-3.0820232677165356
 31
0
  0
LINE
  5
5B9
330
22
100
AcDbEntity
  8
F.Silkscreen
  6
CONTINUOUS
100
AcDbLine
 10
5.1783496456692912
 20
-3.0820232677165356
 30
0
 11
5.1791044881889761
 21
-3.0811528740157481
 31
0
  0
LINE
  5
5BA
330
22
100
AcDbEntity
  8
F.Silkscreen
  6
CONTINUOUS
100
AcDbLine
 10
5.1791044881889761
 20
-3.0811528740157481
 30
0
 11
5.1795943700787399
 21
-3.080844527559055
 31
0
  0
LINE
  5
5BB
330
22
100
AcDbEntity
  8
F.Silkscreen
  6
CONTINUOUS
100
AcDbLine
 10
5.1795943700787399
 20
-3.080844527559055
 30
0
 11
5.1829153149606295
 21
-3.0791840551181102
 31
0
  0
LINE
  5
5BC
330
22
100
AcDbEntity
  8
F.Silkscreen
  6
CONTINUOUS
100
AcDbLine
 10
5.1829153149606295
 20
-3.0791840551181102
 30
0
 11
5.1861192125984248
 21
-3.0759801574803149
 31
0
  0
LINE
  5
5BD
330
22
100
AcDbEntity
  8
F.Silkscreen
  6
CONTINUOUS
100
AcDbLine
 10
5.1861192125984248
 20
-3.0759801574803149
 30
0
 11
5.189706614173228
 21
-3.0705990551181102
 31
0
  0
LINE
  5
5BE
330
22
100
AcDbEntity
  8
F.Silkscreen
  6
CONTINUOUS
100
AcDbLine
 10
5.189706614173228
 20
-3.0705990551181102
 30
0
 11
5.1897079527559056
 21
-3.0705973622047242
 31
0
  0
LINE
  5
5BF
330
22
100
AcDbEntity
  8
F.Silkscreen
  6
CONTINUOUS
100
AcDbLine
 10
5.1897079527559056
 20
-3.0705973622047242
 30
0
 11
5.1897083464566931
 21
-3.0705964960629921
 31
0
  0
LINE
  5
5C0
330
22
100
AcDbEntity
  8
F.Silkscreen
  6
CONTINUOUS
100
AcDbLine
 10
5.1897083464566931
 20
-3.0705964960629921
 30
0
 11
5.1897103543307086
 21
-3.0705944488188974
 31
0
  0
LINE
  5
5C1
330
22
100
AcDbEntity
  8
F.Silkscreen
  6
CONTINUOUS
100
AcDbLine
 10
5.1897103543307086
 20
-3.0705944488188974
 30
0
 11
5.1900733858267714
 21
-3.0701512204724408
 31
0
  0
LINE
  5
5C2
330
22
100
AcDbEntity
  8
F.Silkscreen
  6
CONTINUOUS
100
AcDbLine
 10
5.1900733858267714
 20
-3.0701512204724408
 30
0
 11
5.1903162598425192
 21
-3.0699885433070864
 31
0
  0
LINE
  5
5C3
330
22
100
AcDbEntity
  8
F.Silkscreen
  6
CONTINUOUS
100
AcDbLine
 10
5.1903162598425192
 20
-3.0699885433070864
 30
0
 11
5.1905229921259846
 21
-3.0697818503937007
 31
0
  0
LINE
  5
5C4
330
22
100
AcDbEntity
  8
F.Silkscreen
  6
CONTINUOUS
100
AcDbLine
 10
5.1905229921259846
 20
-3.0697818503937007
 30
0
 11
5.1907902755905511
 21
-3.0696711023622045
 31
0
  0
LINE
  5
5C5
330
22
100
AcDbEntity
  8
F.Silkscreen
  6
CONTINUOUS
100
AcDbLine
 10
5.1907902755905511
 20
-3.0696711023622045
 30
0
 11
5.1910306692913384
 21
-3.0695101574803147
 31
0
  0
LINE
  5
5C6
330
22
100
AcDbEntity
  8
F.Silkscreen
  6
CONTINUOUS
100
AcDbLine
 10
5.1910306692913384
 20
-3.0695101574803147
 30
0
 11
5.1913172834645671
 21
-3.0694527952755903
 31
0
  0
LINE
  5
5C7
330
22
100
AcDbEntity
  8
F.Silkscreen
  6
CONTINUOUS
100
AcDbLine
 10
5.1913172834645671
 20
-3.0694527952755903
 30
0
 11
5.1915874015748029
 21
-3.0693409448818896
 31
0
  0
LINE
  5
5C8
330
22
100
AcDbEntity
  8
F.Silkscreen
  6
CONTINUOUS
100
AcDbLine
 10
5.1915874015748029
 20
-3.0693409448818896
 30
0
 11
5.1918766929133859
 21
-3.0693409448818896
 31
0
  0
LINE
  5
5C9
330
22
100
AcDbEntity
  8
F.Silkscreen
  6
CONTINUOUS
100
AcDbLine
 10
5.1918766929133859
 20
-3.0693409448818896
 30
0
 11
5.1921603543307082
 21
-3.0692842125984252
 31
0
  0
LINE
  5
5CA
330
22
100
AcDbEntity
  8
F.Silkscreen
  6
CONTINUOUS
100
AcDbLine
 10
5.1921603543307082
 20
-3.0692842125984252
 30
0
 11
5.192447125984252
 21
-3.0693409448818896
 31
0
  0
ENDSEC
  0
SECTION
  2
OBJECTS
  0
DICTIONARY
  5
28
330
0
100
AcDbDictionary
281
1
  3
ACAD_GROUP
350
5CB
  3
ACAD_LAYOUT
350
29
  3
ACAD_PLOTSTYLENAME
350
11
  0
DICTIONARY
  5
5CB
330
28
100
AcDbDictionary
281
1
  0
ACDBDICTIONARYWDFLT
  5
11
330
28
100
AcDbDictionary
281
1
  3
Normal
350
10
100
AcDbDictionaryWithDefault
340
10
  0
ACDBPLACEHOLDER
  5
10
330
11
  0
DICTIONARY
  5
29
330
28
100
AcDbDictionary
281
1
  3
Model
350
25
  3
Layout1
350
26
  3
Layout2
350
27
  0
LAYOUT
  5
25
330
29
100
AcDbPlotSettings
  1

  2
none_device
  4
A3
  6

 40
0.0
 41
0.0
 42
0.0
 43
0.0
 44
420.0
 45
297.0
 46
0.0
 47
0.0
 48
0.0
 49
0.0
140
0.0
141
0.0
142
1.0
143
1.0
 70
1024
 72
1
 73
0
 74
5
  7

 75
16
 76
0
 77
2
 78
300
147
1.0
148
0.0
149
0.0
100
AcDbLayout
  1
Model
 70
1
 71
0
 10
0.0
 20
0.0
 11
420.0
 21
297.0
 12
0.0
 22
0.0
 32
0.0
 14
1e+20
 24
1e+20
 34
1e+20
 15
-1e+20
 25
-1e+20
 35
-1e+20
146
0.0
 13
0.0
 23
0.0
 33
0.0
 16
1.0
 26
0.0
 36
0.0
 17
0.0
 27
1.0
 37
0.0
 76
0
330
22
  0
LAYOUT
  5
26
330
29
100
AcDbPlotSettings
  1

  2
none_device
  4
A3
  6

 40
0.0
 41
0.0
 42
0.0
 43
0.0
 44
420.0
 45
297.0
 46
0.0
 47
0.0
 48
0.0
 49
0.0
140
0.0
141
0.0
142
1.0
143
1.0
 70
0
 72
1
 73
0
 74
5
  7

 75
16
 76
0
 77
2
 78
300
147
1.0
148
0.0
149
0.0
100
AcDbLayout
  1
Layout1
 70
1
 71
1
 10
0.0
 20
0.0
 11
420.0
 21
297.0
 12
0.0
 22
0.0
 32
0.0
 14
1e+20
 24
1e+20
 34
1e+20
 15
-1e+20
 25
-1e+20
 35
-1e+20
146
0.0
 13
0.0
 23
0.0
 33
0.0
 16
1.0
 26
0.0
 36
0.0
 17
0.0
 27
1.0
 37
0.0
 76
0
330
23
  0
LAYOUT
  5
27
330
29
100
AcDbPlotSettings
  1

  2
none_device
  4
A3
  6

 40
0.0
 41
0.0
 42
0.0
 43
0.0
 44
420.0
 45
297.0
 46
0.0
 47
0.0
 48
0.0
 49
0.0
140
0.0
141
0.0
142
1.0
143
1.0
 70
0
 72
1
 73
0
 74
5
  7

 75
16
 76
0
 77
2
 78
300
147
1.0
148
0.0
149
0.0
100
AcDbLayout
  1
Layout2
 70
1
 71
2
 10
0.0
 20
0.0
 11
420.0
 21
297.0
 12
0.0
 22
0.0
 32
0.0
 14
1e+20
 24
1e+20
 34
1e+20
 15
-1e+20
 25
-1e+20
 35
-1e+20
146
0.0
 13
0.0
 23
0.0
 33
0.0
 16
1.0
 26
0.0
 36
0.0
 17
0.0
 27
1.0
 37
0.0
 76
0
330
24
  0
ENDSEC
  0
EOF
